,Date,Home_n,Away_n,URL,Home_score,Away_score,OT,Q1_home,Q1_away,Q2_home,Q2_away,Q3_Home,Q3_away,Q4_home,Q4_away,H2H_home_bet365_close,H2H_home_bet365_open,H2H_away_bet365_close,H2H_away_bet365_open,H2H_home_Dafa_close,H2H_home_Dafa_open,H2H_away_Dafa_close,H2H_away_Dafa_open,H2H_home_Pinnacle_close,H2H_home_Pinnacle_open,H2H_away_Pinnacle_close,H2H_away_Pinnacle_open,AH_line,Pinn_home_AH_close,Pinn_away_AH_close,Avg_home_AH_price,Avg_away_AH_price,Max_home_AH_price,Max_away_AH_price,OU_line,Pinn_over_price_close,Pinn_under_price_close,Avg_over_price,Avg_under_price,Max_over_price,Max_under_price,Season
0,2018-05-20 21:00:00,Real Madrid,Fenerbahce,https://www.oddsportal.com/basketball/europe/euroleague-2017-2018/real-madrid-fenerbahce-dMI5l5Yk/,85,80,False,21,17,17,23,25,15,22,25.0,1.83,1.83,2.0,2.0,1.88,1.92,1.98,1.92,1.94,1.95,1.96,1.95,-1.0,2.0,1.91,1.95,1.91,2.02,1.96,163.5,1.88,2.03,1.87,1.96,1.95,2.06,2017/2018
1,2018-04-05 20:00:00,CSKA Moscow,Crvena zvezda mts,https://www.oddsportal.com/basketball/europe/euroleague-2017-2018/cska-moscow-crvena-zvezda-mts-x4xZ5ZHk/,92,81,False,23,24,14,20,27,19,28,18.0,1.02,1.04,17.0,12.5,,,,,,,,,-18.0,2.02,1.88,1.93,1.91,2.02,2.01,172.5,2.09,1.83,1.93,1.89,2.09,1.97,2017/2018
2,2018-03-02 21:15:00,Panathinaikos,Olympiakos,https://www.oddsportal.com/basketball/europe/euroleague-2017-2018/panathinaikos-olympiakos-piraeus-6uQxrZTD/,85,87,True,18,16,16,27,16,19,21,,1.45,1.41,2.8,3.0,1.48,1.48,2.75,2.69,1.47,1.49,2.93,2.84,-5.0,1.93,1.97,1.95,1.89,2.06,1.97,146.0,1.88,2.02,1.9,1.92,1.96,2.02,2017/2018
3,2018-02-23 19:30:00,Anadolu Efes,Zalgiris Kaunas,https://www.oddsportal.com/basketball/europe/euroleague-2017-2018/anadolu-efes-zalgiris-kaunas-UgFbUFaE/,70,86,False,23,21,13,24,20,23,14,18.0,2.0,1.86,1.83,1.95,2.04,2.02,1.82,1.82,2.06,2.05,1.85,1.86,1.5,1.94,1.96,1.91,1.91,1.99,2.02,159.5,1.93,1.98,1.91,1.92,1.97,2.02,2017/2018
4,2018-01-26 19:00:00,CSKA Moscow,Bamberg,https://www.oddsportal.com/basketball/europe/euroleague-2017-2018/cska-moscow-brose-bamberg-jDwemFm3/,81,72,False,18,19,21,11,16,16,26,26.0,1.05,1.05,11.0,11.0,1.07,1.09,8.69,7.66,,,,,-15.0,1.98,1.93,1.92,1.92,1.98,2.05,166.5,1.99,1.92,1.93,1.9,2.03,1.97,2017/2018
5,2017-11-24 21:45:00,Unicaja,CSKA Moscow,https://www.oddsportal.com/basketball/europe/euroleague-2017-2018/unicaja-cska-moscow-lle4jQsM/,80,89,False,16,27,23,19,26,17,15,26.0,4.5,4.5,1.22,4.5,,,,,4.33,4.7,1.26,1.23,8.5,1.91,2.0,1.9,1.92,2.0,2.0,158.0,1.97,1.93,1.92,1.91,1.97,1.99,2017/2018
6,2017-11-23 22:00:00,Barcelona,Maccabi Tel Aviv,https://www.oddsportal.com/basketball/europe/euroleague-2017-2018/barcelona-maccabi-tel-aviv-K83mf8rc/,89,67,False,22,11,22,13,22,20,23,23.0,1.41,1.38,3.0,3.15,,,,,1.4,1.45,3.2,2.99,-5.5,1.84,2.08,1.86,1.96,2.01,2.08,160.5,1.91,2.0,1.89,1.94,1.95,2.0,2017/2018
7,2017-11-23 22:00:00,Crvena zvezda mts,Baskonia,https://www.oddsportal.com/basketball/europe/euroleague-2017-2018/crvena-zvezda-mts-saski-baskonia-tOidhnD9/,81,85,False,17,22,21,25,19,17,24,21.0,2.5,2.67,1.58,1.52,,,,,2.36,2.55,1.67,1.58,3.5,1.9,2.01,1.91,1.93,1.96,2.03,162.0,1.88,2.03,1.9,1.94,1.94,2.03,2017/2018
8,2017-11-23 21:00:00,Bamberg,Valencia,https://www.oddsportal.com/basketball/europe/euroleague-2017-2018/brose-bamberg-valencia-h2F5VO5d/,83,82,False,20,23,21,24,11,19,31,16.0,1.6,1.57,2.45,1.57,,,,,1.68,1.66,2.34,2.37,-3.0,1.93,1.97,1.91,1.94,2.03,2.04,151.5,1.94,1.96,1.91,1.92,2.0,2.02,2017/2018
9,2017-11-17 21:45:00,Olimpia Milano,Bamberg,https://www.oddsportal.com/basketball/europe/euroleague-2017-2018/milan-brose-bamberg-YyPYytoJ/,71,62,False,13,16,14,19,16,16,28,11.0,1.66,1.6,2.3,2.45,,,,,1.79,1.56,2.15,2.59,-2.5,2.02,1.88,1.95,1.87,2.06,1.91,155.5,2.0,1.91,1.92,1.9,2.01,2.02,2017/2018
10,2017-11-17 19:00:00,CSKA Moscow,Fenerbahce,https://www.oddsportal.com/basketball/europe/euroleague-2017-2018/cska-moscow-fenerbahce-foQUxMVC/,93,95,True,16,27,25,19,22,15,20,2.0,1.36,1.44,3.25,2.85,,,,,1.39,1.42,3.28,3.13,-6.5,1.99,1.92,1.93,1.89,2.05,1.96,157.5,1.94,1.96,1.89,1.94,1.96,2.01,2017/2018
11,2017-11-15 21:45:00,Valencia,Olimpia Milano,https://www.oddsportal.com/basketball/europe/euroleague-2017-2018/valencia-milan-fRZUyRSS/,98,103,True,20,19,25,22,19,17,10,1.0,1.22,1.3,4.5,3.65,,,,,1.27,1.24,4.22,4.56,-8.5,2.01,1.9,1.92,1.9,2.01,2.04,154.5,1.94,1.96,1.92,1.9,1.95,1.96,2017/2018
12,2017-11-14 21:45:00,Unicaja,Zalgiris Kaunas,https://www.oddsportal.com/basketball/europe/euroleague-2017-2018/unicaja-zalgiris-kaunas-QorEu9T3/,83,85,True,17,21,17,20,14,18,24,1.0,1.8,1.47,2.05,2.75,,,,,1.78,1.6,2.17,2.52,-1.5,1.85,2.06,1.88,1.95,2.01,2.06,151.5,1.97,1.93,1.91,1.91,1.98,1.99,2017/2018
13,2017-11-10 19:00:00,Khimki M.,Baskonia,https://www.oddsportal.com/basketball/europe/euroleague-2017-2018/khimki-m-saski-baskonia-hrmKJR6p/,91,90,False,18,21,22,27,21,16,30,26.0,1.26,1.3,4.0,1.3,1.26,1.33,4.03,3.43,1.26,1.34,4.3,3.57,-7.5,1.91,2.0,1.86,1.97,1.95,2.08,159.5,1.99,1.92,1.94,1.88,2.04,1.98,2017/2018
14,2017-11-09 21:05:00,Maccabi Tel Aviv,Real Madrid,https://www.oddsportal.com/basketball/europe/euroleague-2017-2018/maccabi-tel-aviv-real-madrid-nqLnxzNB/,90,83,False,22,30,25,12,17,24,26,17.0,2.5,2.38,1.58,2.38,,,,,2.52,2.52,1.59,1.59,3.5,1.96,1.94,1.93,1.88,2.0,1.94,164.5,1.91,2.0,1.91,1.91,2.02,2.0,2017/2018
15,2017-11-09 19:00:00,CSKA Moscow,Valencia,https://www.oddsportal.com/basketball/europe/euroleague-2017-2018/cska-moscow-valencia-jHRwvdha/,94,67,False,20,19,23,19,30,16,21,13.0,1.18,1.21,5.25,1.21,1.19,1.19,5.0,4.84,,,,,-10.0,1.97,1.93,1.91,1.92,1.97,1.97,162.5,2.04,1.87,1.91,1.89,2.04,2.06,2017/2018
16,2017-11-03 19:00:00,CSKA Moscow,Zalgiris Kaunas,https://www.oddsportal.com/basketball/europe/euroleague-2017-2018/cska-moscow-zalgiris-kaunas-Imu8QxOa/,94,91,False,22,19,29,17,18,26,25,29.0,1.07,1.05,9.0,11.0,1.06,1.06,9.33,9.33,,,,,-13.5,1.93,1.98,1.88,1.93,1.97,2.12,160.5,1.93,1.97,1.85,1.97,1.93,2.02,2017/2018
17,2017-10-12 20:00:00,CSKA Moscow,Olimpia Milano,https://www.oddsportal.com/basketball/europe/euroleague-2017-2018/cska-moscow-milan-GtS9nNue/,93,84,False,16,30,22,18,27,16,28,20.0,1.04,1.09,12.5,1.09,,,,,1.07,1.1,10.71,8.93,-15.5,1.98,1.93,1.92,1.91,1.98,2.0,165.5,1.98,1.93,1.92,1.91,1.98,2.0,2017/2018
19,2018-05-20 18:00:00,CSKA Moscow,Zalgiris Kaunas,https://www.oddsportal.com/basketball/europe/euroleague-2017-2018/cska-moscow-zalgiris-kaunas-zDH9mPmd/,77,79,False,19,22,16,19,13,28,29,10.0,1.38,1.33,3.15,3.5,1.33,1.4,3.43,3.04,1.42,1.4,3.14,3.22,-6.5,2.04,1.88,1.96,1.87,2.05,1.94,171.5,1.95,1.95,1.89,1.94,1.96,2.03,2017/2018
20,2018-05-18 22:00:00,CSKA Moscow,Real Madrid,https://www.oddsportal.com/basketball/europe/euroleague-2017-2018/cska-moscow-real-madrid-bmKvr0bs/,83,92,False,30,20,16,27,10,16,27,29.0,1.57,1.57,2.55,2.55,1.63,1.6,2.36,2.38,1.63,1.68,2.44,2.32,-3.5,1.92,1.99,1.9,1.93,2.0,2.0,173.5,1.93,1.97,1.92,1.91,1.98,1.98,2017/2018
21,2018-05-18 19:00:00,Fenerbahce,Zalgiris Kaunas,https://www.oddsportal.com/basketball/europe/euroleague-2017-2018/fenerbahce-zalgiris-kaunas-2eTNFwhg/,76,67,False,19,13,20,20,15,17,22,17.0,1.41,1.35,3.0,3.3,1.42,1.38,3.0,3.12,1.43,1.38,3.05,3.34,-5.5,1.95,1.95,1.9,1.93,1.96,2.1,155.5,2.06,1.85,1.95,1.88,2.07,1.97,2017/2018
22,2018-04-27 22:00:00,Real Madrid,Panathinaikos,https://www.oddsportal.com/basketball/europe/euroleague-2017-2018/real-madrid-panathinaikos-63ndJjkN/,89,82,False,19,14,32,21,27,25,11,22.0,1.35,1.33,3.3,3.5,1.35,1.38,3.32,3.12,1.4,1.37,3.21,3.4,-6.5,1.99,1.92,1.95,1.88,2.06,1.92,165.0,1.96,1.94,1.92,1.92,1.97,1.96,2017/2018
23,2018-04-27 20:00:00,Khimki M.,CSKA Moscow,https://www.oddsportal.com/basketball/europe/euroleague-2017-2018/khimki-m-cska-moscow-EXFFc4yG/,88,89,False,25,32,19,25,21,14,23,18.0,2.67,2.75,1.52,1.47,2.53,2.42,1.55,1.58,2.6,2.59,1.56,1.56,4.0,1.96,1.94,1.94,1.9,2.02,1.94,167.5,1.88,2.03,1.9,1.92,1.98,2.11,2017/2018
24,2018-04-26 22:00:00,Baskonia,Fenerbahce,https://www.oddsportal.com/basketball/europe/euroleague-2017-2018/saski-baskonia-fenerbahce-fRq8P0DJ/,83,92,False,19,25,13,23,30,24,21,20.0,2.0,1.76,1.83,2.1,2.12,1.86,1.76,1.98,2.0,1.85,1.91,2.06,1.5,1.89,2.02,1.91,1.91,2.02,2.13,160.5,1.97,1.93,1.89,1.93,1.97,2.08,2017/2018
25,2018-04-26 20:00:00,Zalgiris Kaunas,Olympiakos,https://www.oddsportal.com/basketball/europe/euroleague-2017-2018/zalgiris-kaunas-olympiakos-piraeus-f1YChpKF/,101,91,False,23,22,28,15,27,19,23,35.0,1.52,1.57,2.67,2.67,1.46,1.55,2.81,2.49,1.55,1.55,2.65,2.65,-4.5,1.99,1.92,1.94,1.89,2.02,2.01,150.0,1.96,1.94,1.92,1.91,1.98,2.02,2017/2018
26,2018-04-25 20:00:00,Khimki M.,CSKA Moscow,https://www.oddsportal.com/basketball/europe/euroleague-2017-2018/khimki-m-cska-moscow-raOo3sgF/,79,73,False,17,15,27,27,16,15,19,16.0,2.55,2.4,1.57,1.52,2.49,2.63,1.57,1.5,2.45,2.76,1.62,1.51,3.5,1.96,1.94,1.94,1.87,2.13,1.94,170.5,1.96,1.94,1.93,1.9,2.04,1.95,2017/2018
27,2018-04-25 19:45:00,Real Madrid,Panathinaikos,https://www.oddsportal.com/basketball/europe/euroleague-2017-2018/real-madrid-panathinaikos-MkNk218L/,81,74,False,17,17,23,17,17,19,24,21.0,1.35,1.27,3.3,3.5,1.34,1.34,3.38,3.38,1.37,1.3,3.39,3.89,-6.5,1.98,1.93,1.9,1.92,1.98,2.03,166.5,2.03,1.88,1.94,1.88,2.03,1.98,2017/2018
28,2018-04-24 22:00:00,Baskonia,Fenerbahce,https://www.oddsportal.com/basketball/europe/euroleague-2017-2018/saski-baskonia-fenerbahce-GCMg1LNR/,88,83,False,19,20,28,18,20,28,21,17.0,1.76,2.0,2.1,1.83,1.78,1.92,2.08,1.92,1.85,1.92,2.07,1.99,-1.5,1.94,1.96,1.91,1.92,1.96,1.98,160.0,1.95,1.95,1.92,1.92,1.96,1.98,2017/2018
29,2018-04-24 20:00:00,Zalgiris Kaunas,Olympiakos,https://www.oddsportal.com/basketball/europe/euroleague-2017-2018/zalgiris-kaunas-olympiakos-piraeus-xGSKduWr/,80,60,False,21,19,26,17,20,14,13,10.0,1.6,1.7,2.45,2.2,1.58,1.72,2.47,2.14,1.69,1.78,2.31,2.16,-3.5,2.03,1.88,1.95,1.87,2.05,1.95,151.5,1.99,1.92,1.95,1.88,2.07,1.94,2017/2018
30,2018-04-20 21:15:00,Olympiakos,Zalgiris Kaunas,https://www.oddsportal.com/basketball/europe/euroleague-2017-2018/olympiakos-piraeus-zalgiris-kaunas-QNTt4Nw9/,79,68,False,17,15,24,17,13,22,25,14.0,1.38,1.44,3.15,2.85,1.37,1.43,3.22,2.88,1.37,1.42,3.39,3.14,-6.5,1.96,1.94,1.93,1.88,2.08,1.94,151.0,1.94,1.96,1.9,1.93,1.94,2.0,2017/2018
31,2018-04-20 20:45:00,Fenerbahce,Baskonia,https://www.oddsportal.com/basketball/europe/euroleague-2017-2018/fenerbahce-saski-baskonia-nXUx53O2/,95,89,False,25,23,28,26,18,19,24,21.0,1.26,1.27,4.0,4.0,1.28,1.3,3.85,3.63,1.3,1.3,3.88,3.89,-7.5,1.96,1.94,1.91,1.91,2.02,2.0,154.5,1.93,1.98,1.89,1.92,1.93,2.0,2017/2018
32,2018-04-19 21:15:00,Panathinaikos,Real Madrid,https://www.oddsportal.com/basketball/europe/euroleague-2017-2018/panathinaikos-real-madrid-YTtetKo2/,82,89,False,21,16,19,20,21,32,21,21.0,1.52,1.63,2.67,2.55,1.52,1.58,2.61,2.42,1.5,1.6,2.8,2.51,-4.0,1.96,1.94,1.91,1.92,1.97,1.98,163.5,1.93,1.98,1.89,1.93,2.05,1.98,2017/2018
33,2018-04-19 20:00:00,CSKA Moscow,Khimki M.,https://www.oddsportal.com/basketball/europe/euroleague-2017-2018/cska-moscow-khimki-m-KQxis0We/,89,84,False,24,22,19,23,25,21,21,18.0,1.18,1.18,5.25,5.25,1.19,1.19,5.0,4.84,1.2,1.19,5.23,5.45,-10.0,1.99,1.92,1.94,1.9,2.06,2.0,169.5,2.02,1.88,1.92,1.9,2.02,2.16,2017/2018
34,2018-04-18 21:15:00,Olympiakos,Zalgiris Kaunas,https://www.oddsportal.com/basketball/europe/euroleague-2017-2018/olympiakos-piraeus-zalgiris-kaunas-x2mnrtHk/,78,87,True,23,12,15,20,18,21,16,1.0,1.35,1.35,3.3,3.3,1.36,1.4,3.27,3.04,1.34,1.41,3.6,3.18,-6.5,1.95,1.95,1.9,1.93,1.97,2.0,152.0,1.92,1.99,1.91,1.93,1.97,1.99,2017/2018
35,2018-04-18 20:15:00,Fenerbahce,Baskonia,https://www.oddsportal.com/basketball/europe/euroleague-2017-2018/fenerbahce-saski-baskonia-bBlrqM1q/,82,73,False,21,11,22,15,22,26,17,21.0,1.3,1.33,3.65,3.6,1.26,1.31,4.03,3.56,1.27,1.31,4.22,3.81,-7.5,1.92,1.99,1.92,1.91,2.02,1.99,156.5,1.99,1.92,1.92,1.9,2.02,1.94,2017/2018
36,2018-04-17 21:15:00,Panathinaikos,Real Madrid,https://www.oddsportal.com/basketball/europe/euroleague-2017-2018/panathinaikos-real-madrid-SS1Gm2gS/,95,67,False,26,13,20,17,31,14,18,23.0,1.66,1.65,2.3,2.3,1.68,1.77,2.25,2.08,1.67,1.74,2.36,2.22,-3.0,1.93,1.97,1.94,1.9,2.05,1.97,163.5,1.87,2.04,1.89,1.93,1.97,2.04,2017/2018
37,2018-04-17 20:00:00,CSKA Moscow,Khimki M.,https://www.oddsportal.com/basketball/europe/euroleague-2017-2018/cska-moscow-khimki-m-lx3ClrvM/,98,95,False,25,34,21,20,26,21,26,20.0,1.1,1.12,7.5,6.5,1.12,1.14,6.55,6.0,1.12,1.14,7.65,6.62,-12.5,1.97,1.93,1.91,1.91,1.99,1.99,167.0,1.98,1.93,1.9,1.94,1.98,2.04,2017/2018
38,2018-04-06 22:00:00,Real Madrid,Bamberg,https://www.oddsportal.com/basketball/europe/euroleague-2017-2018/real-madrid-brose-bamberg-IFgW4gXe/,106,86,False,27,28,26,22,29,19,24,17.0,1.1,1.07,7.5,9.0,1.14,1.09,6.0,7.66,1.15,1.09,6.59,9.25,-13.5,2.07,1.85,1.93,1.88,2.07,2.1,167.5,1.9,2.01,1.86,1.96,1.94,2.1,2017/2018
39,2018-04-06 21:30:00,Valencia,Maccabi Tel Aviv,https://www.oddsportal.com/basketball/europe/euroleague-2017-2018/valencia-maccabi-tel-aviv-A9tISdP2/,87,84,False,24,18,28,21,9,18,26,27.0,1.35,1.4,3.3,3.0,1.36,1.43,3.27,2.88,1.4,1.43,3.22,3.1,-6.5,1.94,1.96,1.91,1.9,2.0,1.98,166.5,1.88,2.02,1.87,1.96,1.93,2.02,2017/2018
40,2018-04-06 19:00:00,Olympiakos,Zalgiris Kaunas,https://www.oddsportal.com/basketball/europe/euroleague-2017-2018/olympiakos-piraeus-zalgiris-kaunas-d6hz4Dn2/,85,86,True,25,10,18,21,16,25,21,2.0,1.52,1.27,2.67,3.3,1.52,1.59,2.61,2.4,1.46,1.56,2.95,2.59,-4.5,1.85,2.06,1.9,1.93,2.05,2.07,156.5,1.93,1.98,1.89,1.93,1.93,2.02,2017/2018
41,2018-04-05 22:00:00,Barcelona,Khimki M.,https://www.oddsportal.com/basketball/europe/euroleague-2017-2018/barcelona-khimki-m-p6cfDHPF/,86,82,False,31,18,23,27,18,21,14,16.0,1.58,1.57,2.5,2.3,1.53,1.63,2.58,2.31,1.56,1.63,2.6,2.44,-4.0,1.94,1.96,1.92,1.92,2.02,1.98,164.5,1.87,2.04,1.89,1.94,1.92,2.04,2017/2018
42,2018-04-05 22:00:00,Baskonia,Anadolu Efes,https://www.oddsportal.com/basketball/europe/euroleague-2017-2018/saski-baskonia-anadolu-efes-SUnaCyuM/,79,81,False,18,13,14,20,19,27,28,21.0,1.07,1.13,9.0,9.0,1.09,1.11,7.66,6.88,1.09,1.12,9.69,7.71,-14.0,1.89,2.01,1.89,1.95,1.99,2.05,170.5,1.94,1.96,1.91,1.92,1.98,1.98,2017/2018
43,2018-04-05 21:45:00,Olimpia Milano,Panathinaikos,https://www.oddsportal.com/basketball/europe/euroleague-2017-2018/milan-panathinaikos-tYj3BefS/,95,96,True,27,18,28,24,14,19,18,2.0,3.3,3.35,1.35,1.47,3.32,3.0,1.35,1.41,3.51,3.14,1.35,1.42,6.5,2.03,1.88,1.95,1.87,2.06,2.04,163.5,1.92,1.99,1.91,1.92,2.02,1.99,2017/2018
44,2018-04-05 20:15:00,Fenerbahce,Unicaja,https://www.oddsportal.com/basketball/europe/euroleague-2017-2018/fenerbahce-unicaja-bDwV6F2q/,91,99,True,14,22,22,25,15,12,32,2.0,1.14,1.18,6.0,5.75,1.15,1.18,5.76,5.0,1.14,1.18,6.69,5.62,-11.0,1.88,2.03,1.89,1.95,1.99,2.03,156.5,2.0,1.91,1.92,1.91,2.0,2.07,2017/2018
46,2018-03-30 21:15:00,Panathinaikos,Valencia,https://www.oddsportal.com/basketball/europe/euroleague-2017-2018/panathinaikos-valencia-bkerGJuc/,75,56,False,23,13,17,18,17,16,18,9.0,1.18,1.31,5.25,3.6,1.16,1.25,5.54,4.12,1.17,1.23,5.98,4.79,-10.5,1.92,1.99,1.89,1.92,1.96,1.99,158.5,1.85,2.07,1.89,1.93,1.92,2.07,2017/2018
47,2018-03-30 20:00:00,Crvena zvezda mts,Real Madrid,https://www.oddsportal.com/basketball/europe/euroleague-2017-2018/crvena-zvezda-mts-real-madrid-xtfnFwe3/,79,82,False,20,27,19,16,18,21,22,18.0,4.0,3.8,1.26,1.31,4.44,4.12,1.22,1.25,4.57,4.41,1.24,1.25,8.5,2.0,1.91,1.93,1.89,2.06,2.0,168.5,1.97,1.93,1.92,1.91,1.98,2.0,2017/2018
48,2018-03-30 20:00:00,Zalgiris Kaunas,CSKA Moscow,https://www.oddsportal.com/basketball/europe/euroleague-2017-2018/zalgiris-kaunas-cska-moscow-6FbjEcA9/,85,73,False,23,18,25,24,16,18,21,13.0,3.15,3.15,1.38,1.38,2.72,3.04,1.44,1.4,3.2,3.22,1.4,1.4,5.5,2.06,1.85,1.96,1.86,2.1,1.92,168.0,1.95,1.95,1.9,1.93,1.96,2.0,2017/2018
49,2018-03-30 19:00:00,Unicaja,Olympiakos,https://www.oddsportal.com/basketball/europe/euroleague-2017-2018/unicaja-olympiakos-piraeus-dpHaiz3d/,87,85,True,19,22,28,11,7,23,20,1.0,2.2,1.95,1.71,1.66,2.13,2.19,1.75,1.7,2.18,2.29,1.77,1.7,2.5,1.92,1.99,1.89,1.94,1.98,2.0,156.0,1.91,2.0,1.9,1.94,1.94,2.0,2017/2018
50,2018-03-29 22:00:00,Baskonia,Maccabi Tel Aviv,https://www.oddsportal.com/basketball/europe/euroleague-2017-2018/saski-baskonia-maccabi-tel-aviv-lvSPcxQS/,83,72,False,22,18,16,16,18,19,27,19.0,1.15,1.26,5.75,4.0,1.18,1.26,5.16,4.03,1.2,1.26,5.18,4.36,-10.5,2.07,1.85,1.96,1.86,2.14,1.95,167.0,1.88,2.02,1.89,1.94,1.94,2.02,2017/2018
51,2018-03-29 21:00:00,Bamberg,Olimpia Milano,https://www.oddsportal.com/basketball/europe/euroleague-2017-2018/brose-bamberg-milan-W2XKbIAM/,78,83,False,23,28,20,15,21,17,14,23.0,1.52,1.63,2.67,2.3,1.52,1.72,2.61,2.14,1.57,1.71,2.58,2.27,-4.5,2.02,1.89,1.93,1.89,2.09,1.96,167.5,1.9,2.01,1.89,1.93,2.05,2.04,2017/2018
52,2018-03-29 20:45:00,Anadolu Efes,Barcelona,https://www.oddsportal.com/basketball/europe/euroleague-2017-2018/anadolu-efes-barcelona-jmEigdYq/,83,107,False,19,23,15,32,33,26,16,26.0,1.95,2.0,1.86,1.83,1.9,2.0,1.96,1.84,2.0,2.05,1.91,1.86,-1.0,2.05,1.86,2.0,1.84,2.11,1.91,167.5,1.81,2.13,1.87,1.95,1.94,2.13,2017/2018
53,2018-03-29 18:45:00,Khimki M.,Fenerbahce,https://www.oddsportal.com/basketball/europe/euroleague-2017-2018/khimki-m-fenerbahce-pADehGmj/,64,73,False,18,20,20,17,15,22,11,14.0,2.85,2.0,1.44,1.83,2.69,2.29,1.5,1.64,2.78,2.27,1.51,1.71,4.5,1.95,1.95,1.93,1.89,2.01,1.95,154.0,2.03,1.88,1.93,1.91,2.03,1.96,2017/2018
54,2018-03-23 22:00:00,Barcelona,Baskonia,https://www.oddsportal.com/basketball/europe/euroleague-2017-2018/barcelona-saski-baskonia-pnV81KQ3/,73,86,False,16,16,24,27,18,20,15,23.0,2.0,1.68,1.83,2.2,1.96,1.93,1.9,1.91,1.99,1.81,1.91,2.11,1.0,1.93,1.98,1.89,1.94,1.93,2.0,166.5,1.82,2.11,1.86,1.97,1.93,2.11,2017/2018
55,2018-03-23 21:00:00,Olympiakos,Anadolu Efes,https://www.oddsportal.com/basketball/europe/euroleague-2017-2018/olympiakos-piraeus-anadolu-efes-hCYGabeG/,89,82,False,30,15,19,27,21,15,19,25.0,1.1,1.1,7.5,7.5,1.09,1.14,7.66,6.0,1.14,1.14,6.97,6.69,-12.5,2.01,1.9,1.92,1.89,2.01,1.95,157.5,1.97,1.93,1.91,1.9,1.97,1.94,2017/2018
56,2018-03-23 20:00:00,Bamberg,Unicaja,https://www.oddsportal.com/basketball/europe/euroleague-2017-2018/brose-bamberg-unicaja-2Nu420Bc/,93,88,False,28,19,27,23,22,26,16,20.0,1.66,1.8,2.3,2.2,1.66,1.78,2.28,2.06,1.66,1.78,2.37,2.16,-3.0,1.93,1.98,1.9,1.94,2.0,1.99,160.0,1.96,1.94,1.92,1.91,1.96,1.96,2017/2018
57,2018-03-23 19:00:00,Khimki M.,CSKA Moscow,https://www.oddsportal.com/basketball/europe/euroleague-2017-2018/khimki-m-cska-moscow-bkZC0vtA/,73,90,False,17,29,20,24,21,15,15,22.0,3.15,3.35,1.38,1.44,3.22,2.58,1.37,1.52,3.22,2.78,1.4,1.51,6.0,1.92,1.99,1.91,1.93,1.96,2.0,168.5,1.98,1.93,1.92,1.88,1.99,1.94,2017/2018
58,2018-03-22 21:45:00,Olimpia Milano,Valencia,https://www.oddsportal.com/basketball/europe/euroleague-2017-2018/milan-valencia-WOvFuw4p/,89,93,False,23,17,20,23,22,28,24,25.0,1.6,1.6,2.45,2.45,1.73,1.6,2.17,2.38,1.72,1.61,2.26,2.49,-3.0,1.99,1.92,1.95,1.89,2.07,1.96,164.5,1.92,1.99,1.91,1.91,2.0,1.99,2017/2018
59,2018-03-22 21:45:00,Real Madrid,Zalgiris Kaunas,https://www.oddsportal.com/basketball/europe/euroleague-2017-2018/real-madrid-zalgiris-kaunas-Qs2npJeT/,88,81,False,19,16,22,28,24,18,23,19.0,1.2,1.18,4.75,5.25,1.21,1.22,4.7,4.44,1.22,1.22,4.93,4.85,-9.5,1.97,1.93,1.92,1.91,2.08,2.01,165.5,1.91,2.0,1.88,1.94,1.91,2.02,2017/2018
60,2018-03-22 21:05:00,Maccabi Tel Aviv,Panathinaikos,https://www.oddsportal.com/basketball/europe/euroleague-2017-2018/maccabi-tel-aviv-panathinaikos-OWt03tdi/,75,76,False,20,18,21,17,17,21,17,20.0,1.9,1.83,1.9,2.0,1.83,1.93,2.03,1.91,1.88,1.95,2.02,1.95,-1.0,1.94,1.96,1.92,1.92,2.0,1.98,163.5,1.88,2.03,1.87,1.96,1.91,2.04,2017/2018
61,2018-03-22 20:00:00,Crvena zvezda mts,Fenerbahce,https://www.oddsportal.com/basketball/europe/euroleague-2017-2018/crvena-zvezda-mts-fenerbahce-AFwJvcJj/,63,80,False,17,22,14,18,10,25,22,15.0,3.6,3.15,1.31,1.35,3.7,3.43,1.3,1.33,3.88,3.54,1.3,1.35,6.5,2.13,1.8,2.0,1.84,2.13,1.91,158.5,1.84,2.08,1.87,1.96,1.93,2.08,2017/2018
62,2018-03-21 21:45:00,Unicaja,Barcelona,https://www.oddsportal.com/basketball/europe/euroleague-2017-2018/unicaja-barcelona-CvbroatN/,95,91,False,19,25,30,21,27,22,19,23.0,1.71,1.7,2.2,2.2,1.79,1.75,2.07,2.11,1.76,1.74,2.2,2.23,-2.5,1.98,1.93,1.92,1.91,2.04,1.98,160.5,1.91,2.0,1.89,1.94,1.93,2.02,2017/2018
63,2018-03-21 21:30:00,Baskonia,Bamberg,https://www.oddsportal.com/basketball/europe/euroleague-2017-2018/saski-baskonia-brose-bamberg-Mk5Vm1d4/,103,79,False,27,14,23,25,30,13,23,27.0,1.15,1.22,5.75,4.5,1.12,1.22,6.55,4.44,1.17,1.22,5.86,4.85,-11.0,1.93,1.97,1.92,1.92,1.96,1.98,162.5,1.93,1.97,1.93,1.9,2.0,1.97,2017/2018
64,2018-03-21 19:45:00,Anadolu Efes,Khimki M.,https://www.oddsportal.com/basketball/europe/euroleague-2017-2018/anadolu-efes-khimki-m-IHbvnuRG/,73,85,False,29,18,20,24,12,19,12,24.0,2.75,2.75,1.47,1.47,2.66,2.81,1.51,1.45,2.65,2.97,1.55,1.45,4.5,1.89,2.02,1.91,1.91,2.0,2.02,162.5,2.04,1.87,1.96,1.89,2.04,1.96,2017/2018
65,2018-03-21 19:00:00,CSKA Moscow,Olympiakos,https://www.oddsportal.com/basketball/europe/euroleague-2017-2018/cska-moscow-olympiakos-piraeus-vRazmLBA/,89,81,False,23,26,21,14,25,22,20,19.0,1.26,1.3,4.0,4.0,1.24,1.25,4.22,4.12,1.27,1.25,4.26,4.46,-8.5,1.99,1.92,1.93,1.9,2.07,1.95,165.5,1.95,1.95,1.91,1.91,1.97,2.0,2017/2018
66,2018-03-20 21:30:00,Valencia,Real Madrid,https://www.oddsportal.com/basketball/europe/euroleague-2017-2018/valencia-real-madrid-zcPzSJZp/,96,88,False,22,21,24,19,24,20,26,28.0,2.85,3.15,1.44,1.38,2.78,3.12,1.47,1.38,2.88,3.17,1.48,1.41,5.0,1.91,2.0,1.91,1.93,2.0,2.0,163.5,1.93,1.97,1.91,1.91,1.98,1.98,2017/2018
67,2018-03-20 21:15:00,Panathinaikos,Crvena zvezda mts,https://www.oddsportal.com/basketball/europe/euroleague-2017-2018/panathinaikos-crvena-zvezda-mts-x23Jj3Co/,91,71,False,24,15,23,23,30,18,14,15.0,1.1,1.15,7.25,5.25,1.12,1.14,6.55,6.0,1.13,1.19,7.1,5.39,-12.5,1.95,1.95,1.91,1.92,1.98,1.98,160.0,1.95,1.95,1.92,1.92,1.96,1.98,2017/2018
68,2018-03-20 20:00:00,Zalgiris Kaunas,Olimpia Milano,https://www.oddsportal.com/basketball/europe/euroleague-2017-2018/zalgiris-kaunas-milan-ra6Rlssb/,77,65,False,17,16,14,18,23,16,23,15.0,1.23,1.27,4.25,3.65,1.24,1.24,4.22,4.22,1.23,1.27,4.73,4.19,-9.0,1.92,1.99,1.89,1.95,1.97,2.05,162.0,1.95,1.95,1.89,1.94,1.95,2.01,2017/2018
69,2018-03-20 19:45:00,Fenerbahce,Maccabi Tel Aviv,https://www.oddsportal.com/basketball/europe/euroleague-2017-2018/fenerbahce-maccabi-tel-aviv-lx7NkNRi/,87,73,False,16,21,29,15,29,20,13,17.0,1.18,1.14,5.25,5.75,1.21,1.18,4.7,5.0,1.2,1.19,5.21,5.48,-10.0,1.99,1.92,1.94,1.89,2.04,1.99,159.5,1.95,1.95,1.91,1.92,1.99,1.99,2017/2018
70,2018-03-16 22:00:00,Unicaja,Panathinaikos,https://www.oddsportal.com/basketball/europe/euroleague-2017-2018/unicaja-panathinaikos-rapdZ1sB/,79,90,False,24,18,20,14,16,26,19,32.0,2.4,2.15,1.62,1.71,2.35,2.13,1.63,1.73,2.49,2.19,1.61,1.76,3.5,1.97,1.93,1.9,1.93,2.01,2.06,156.5,1.96,1.94,1.92,1.91,2.0,1.96,2017/2018
71,2018-03-16 19:45:00,Fenerbahce,CSKA Moscow,https://www.oddsportal.com/basketball/europe/euroleague-2017-2018/fenerbahce-cska-moscow-Ymw9WaRT/,79,81,False,23,25,17,19,18,10,21,27.0,1.74,1.8,2.15,2.0,1.77,1.78,2.11,2.06,1.79,1.88,2.14,2.03,-2.0,1.95,1.95,1.92,1.91,2.01,2.06,166.5,1.94,1.96,1.93,1.9,2.03,1.98,2017/2018
72,2018-03-15 21:45:00,Baskonia,Zalgiris Kaunas,https://www.oddsportal.com/basketball/europe/euroleague-2017-2018/saski-baskonia-zalgiris-kaunas-drrpx4ch/,84,64,False,27,19,16,14,24,12,17,19.0,1.47,1.47,2.75,2.75,1.53,1.42,2.58,2.92,1.56,1.45,2.62,2.97,-4.5,2.02,1.89,1.94,1.88,2.07,1.95,162.0,1.93,1.98,1.92,1.92,2.02,2.0,2017/2018
73,2018-03-15 21:05:00,Maccabi Tel Aviv,Khimki M.,https://www.oddsportal.com/basketball/europe/euroleague-2017-2018/maccabi-tel-aviv-khimki-m-UethzrS4/,91,94,False,19,21,20,23,27,21,25,29.0,1.47,1.6,2.75,2.45,1.48,1.49,2.75,2.66,1.51,1.53,2.78,2.71,-4.5,1.9,2.01,1.89,1.94,1.96,2.02,162.5,1.88,2.02,1.87,1.95,1.92,2.05,2017/2018
74,2018-03-15 21:00:00,Bamberg,Anadolu Efes,https://www.oddsportal.com/basketball/europe/euroleague-2017-2018/brose-bamberg-anadolu-efes-GWQnwprn/,88,79,False,22,22,22,19,25,14,19,24.0,1.44,1.52,2.85,2.67,1.46,1.48,2.81,2.69,1.49,1.51,2.85,2.75,-5.0,1.97,1.93,1.93,1.91,2.0,1.96,159.5,1.94,1.96,1.9,1.93,1.98,2.02,2017/2018
75,2018-03-15 21:00:00,Olympiakos,Barcelona,https://www.oddsportal.com/basketball/europe/euroleague-2017-2018/olympiakos-piraeus-barcelona-zZtlyOCb/,63,90,False,17,22,21,18,14,23,11,27.0,1.26,1.36,4.0,3.6,1.26,1.28,4.03,3.77,1.29,1.29,4.05,3.97,-8.0,1.98,1.93,1.93,1.9,1.98,1.95,155.5,1.9,2.01,1.9,1.93,1.93,2.01,2017/2018
76,2018-03-15 19:45:00,Crvena zvezda mts,Valencia,https://www.oddsportal.com/basketball/europe/euroleague-2017-2018/crvena-zvezda-mts-valencia-4EY4XuCN/,106,90,False,23,23,27,25,29,19,27,23.0,1.6,1.7,2.45,2.3,1.62,1.61,2.36,2.35,1.68,1.61,2.34,2.47,-3.5,2.02,1.88,1.93,1.89,2.04,1.98,157.5,1.9,2.01,1.88,1.94,1.94,2.01,2017/2018
77,2018-03-13 21:45:00,Olimpia Milano,Real Madrid,https://www.oddsportal.com/basketball/europe/euroleague-2017-2018/milan-real-madrid-QNZ0YLdH/,77,88,False,17,25,19,24,18,19,23,20.0,3.1,2.85,1.4,1.44,3.08,3.04,1.4,1.4,3.13,3.02,1.42,1.44,5.5,1.97,1.93,1.97,1.86,2.04,1.93,170.5,1.88,2.03,1.9,1.93,1.98,2.03,2017/2018
78,2018-03-09 22:00:00,Barcelona,Crvena zvezda mts,https://www.oddsportal.com/basketball/europe/euroleague-2017-2018/barcelona-crvena-zvezda-mts-UyMSXl66/,88,54,False,17,12,28,12,17,25,26,5.0,1.31,1.4,3.55,3.0,1.33,1.38,3.43,3.12,1.34,1.38,3.59,3.33,-7.0,1.97,1.93,1.94,1.89,2.09,1.93,163.5,1.88,2.02,1.88,1.93,2.05,2.06,2017/2018
79,2018-03-09 21:00:00,Olympiakos,Bamberg,https://www.oddsportal.com/basketball/europe/euroleague-2017-2018/olympiakos-piraeus-brose-bamberg-Q3FyWSzJ/,87,79,False,27,19,15,23,27,19,18,18.0,1.12,1.1,6.5,6.5,1.17,1.16,5.34,5.54,1.16,1.15,6.12,6.48,-11.5,2.03,1.88,1.95,1.87,2.04,1.93,153.5,1.93,1.97,1.9,1.91,1.93,1.99,2017/2018
80,2018-03-09 20:00:00,Zalgiris Kaunas,Fenerbahce,https://www.oddsportal.com/basketball/europe/euroleague-2017-2018/zalgiris-kaunas-fenerbahce-xtSrvQSu/,78,85,False,24,17,16,14,18,21,20,33.0,2.2,2.3,1.71,1.66,2.21,2.29,1.7,1.64,2.3,2.38,1.69,1.65,2.5,2.0,1.91,1.95,1.87,2.04,1.93,156.5,1.98,1.93,1.94,1.88,2.0,1.93,2017/2018
81,2018-03-09 19:00:00,CSKA Moscow,Unicaja,https://www.oddsportal.com/basketball/europe/euroleague-2017-2018/cska-moscow-unicaja-C0BXW8LC/,101,76,False,30,20,27,23,22,18,22,15.0,1.1,1.13,7.5,6.5,1.12,1.16,6.55,5.54,1.13,1.15,7.38,6.48,-12.5,1.88,2.02,1.87,1.95,1.93,2.06,169.5,1.94,1.96,1.9,1.93,1.98,2.0,2017/2018
82,2018-03-08 22:00:00,Real Madrid,Panathinaikos,https://www.oddsportal.com/basketball/europe/euroleague-2017-2018/real-madrid-panathinaikos-MBIKZAyf/,92,75,False,19,20,19,17,26,18,28,20.0,1.44,1.25,2.85,3.6,1.5,1.4,2.69,3.04,1.51,1.3,2.75,3.9,-5.0,2.02,1.88,1.94,1.9,2.05,2.02,161.5,1.92,1.99,1.9,1.93,1.93,2.01,2017/2018
83,2018-03-08 21:30:00,Valencia,Baskonia,https://www.oddsportal.com/basketball/europe/euroleague-2017-2018/valencia-saski-baskonia-joNOYUj0/,71,81,False,20,16,16,15,19,22,16,28.0,2.15,2.0,1.74,1.83,2.06,2.13,1.8,1.73,2.11,1.95,1.81,1.95,1.5,1.96,1.94,1.93,1.89,2.09,1.95,162.5,1.98,1.93,1.92,1.91,1.98,1.96,2017/2018
84,2018-03-08 19:30:00,Anadolu Efes,Maccabi Tel Aviv,https://www.oddsportal.com/basketball/europe/euroleague-2017-2018/anadolu-efes-maccabi-tel-aviv-0dUByX6s/,81,94,False,21,20,21,23,20,24,19,27.0,2.45,2.67,1.6,1.52,2.29,2.4,1.65,1.59,2.36,2.52,1.67,1.59,3.5,1.9,2.01,1.88,1.94,1.93,2.01,164.5,1.97,1.93,1.93,1.9,2.0,2.0,2017/2018
85,2018-03-08 19:00:00,Khimki M.,Olimpia Milano,https://www.oddsportal.com/basketball/europe/euroleague-2017-2018/khimki-m-milan-rLJGziMm/,77,86,False,20,30,19,19,23,12,15,25.0,1.14,1.12,6.0,6.5,1.17,1.18,5.34,5.0,1.19,1.18,5.34,5.66,-10.0,1.95,1.95,1.92,1.91,2.02,1.95,162.5,1.96,1.94,1.94,1.9,2.08,2.0,2017/2018
86,2018-03-02 22:00:00,Real Madrid,Fenerbahce,https://www.oddsportal.com/basketball/europe/euroleague-2017-2018/real-madrid-fenerbahce-jXsjKVy7/,83,86,False,20,20,25,20,20,28,18,18.0,1.44,1.35,2.85,3.3,1.45,1.45,2.85,2.81,1.47,1.45,2.89,2.97,-5.5,2.04,1.88,1.94,1.88,2.04,1.93,163.0,2.03,1.88,1.94,1.89,2.09,1.96,2017/2018
88,2018-03-02 20:00:00,Crvena zvezda mts,Unicaja,https://www.oddsportal.com/basketball/europe/euroleague-2017-2018/crvena-zvezda-mts-unicaja-pWOtsgqK/,80,76,False,24,24,16,13,22,15,18,24.0,1.64,1.75,2.35,2.1,1.57,1.68,2.49,2.21,1.57,1.8,2.57,2.13,-3.5,1.96,1.94,1.92,1.9,2.0,1.96,157.5,1.94,1.96,1.9,1.93,1.96,1.98,2017/2018
89,2018-03-01 22:00:00,Baskonia,Khimki M.,https://www.oddsportal.com/basketball/europe/euroleague-2017-2018/saski-baskonia-khimki-m-MijZNDxr/,87,77,False,18,26,26,13,25,13,18,25.0,1.41,1.4,3.0,3.0,1.48,1.46,2.75,2.78,1.49,1.43,2.85,3.08,-4.5,1.92,1.99,1.88,1.94,1.96,2.0,163.5,1.96,1.94,1.91,1.9,1.97,1.97,2017/2018
90,2018-03-01 21:45:00,Olimpia Milano,Anadolu Efes,https://www.oddsportal.com/basketball/europe/euroleague-2017-2018/milan-anadolu-efes-0rkwNXil/,77,64,False,17,17,27,12,14,16,19,19.0,1.52,1.45,2.67,2.67,1.52,1.52,2.61,2.58,1.51,1.56,2.76,2.62,-4.5,1.93,1.97,1.91,1.91,2.02,2.06,167.5,1.97,1.93,1.93,1.89,1.98,1.95,2017/2018
91,2018-03-01 21:30:00,Valencia,Bamberg,https://www.oddsportal.com/basketball/europe/euroleague-2017-2018/valencia-brose-bamberg-UNtfJkiD/,86,70,False,28,11,9,23,23,20,26,16.0,1.35,1.32,3.3,3.6,1.36,1.34,3.27,3.38,1.37,1.34,3.38,3.57,-6.5,2.0,1.91,1.93,1.89,2.0,1.98,155.5,1.94,1.96,1.9,1.92,1.95,1.97,2017/2018
92,2018-03-01 21:05:00,Maccabi Tel Aviv,CSKA Moscow,https://www.oddsportal.com/basketball/europe/euroleague-2017-2018/maccabi-tel-aviv-cska-moscow-r7vrMi7f/,73,93,False,18,22,18,30,20,15,17,26.0,3.15,3.3,1.38,1.35,3.08,3.0,1.4,1.41,3.13,3.39,1.42,1.37,5.5,1.98,1.93,1.95,1.87,2.09,1.93,173.5,1.93,1.98,1.88,1.93,1.93,2.02,2017/2018
93,2018-03-01 20:00:00,Zalgiris Kaunas,Barcelona,https://www.oddsportal.com/basketball/europe/euroleague-2017-2018/zalgiris-kaunas-barcelona-dArnLBM0/,90,74,False,19,15,25,19,26,16,20,24.0,1.41,1.45,3.0,2.67,1.42,1.47,3.0,2.75,1.49,1.51,2.84,2.76,-5.0,1.98,1.93,1.93,1.9,1.98,1.99,163.5,1.93,1.98,1.86,1.96,1.93,2.02,2017/2018
94,2018-02-23 22:00:00,Barcelona,Real Madrid,https://www.oddsportal.com/basketball/europe/euroleague-2017-2018/barcelona-real-madrid-GjBfVep8/,74,101,False,13,30,22,22,22,31,17,18.0,2.3,1.8,1.66,1.9,2.2,1.98,1.71,1.86,2.31,2.0,1.69,1.91,1.5,2.16,1.78,1.99,1.84,2.18,2.02,170.0,1.97,1.93,1.93,1.91,1.99,1.98,2017/2018
95,2018-02-23 21:45:00,Bamberg,Crvena zvezda mts,https://www.oddsportal.com/basketball/europe/euroleague-2017-2018/brose-bamberg-crvena-zvezda-mts-2mNC6C77/,86,62,False,21,23,25,13,23,9,17,17.0,1.58,1.48,2.5,2.55,1.6,1.64,2.42,2.29,1.59,1.65,2.53,2.38,-3.5,1.93,1.97,1.9,1.91,2.06,1.98,159.5,1.97,1.93,1.9,1.92,1.97,2.05,2017/2018
97,2018-02-23 19:00:00,Khimki M.,Panathinaikos,https://www.oddsportal.com/basketball/europe/euroleague-2017-2018/khimki-m-panathinaikos-CI43TZEK/,78,61,False,24,18,22,13,17,15,15,15.0,1.83,1.76,2.0,2.1,1.88,1.84,1.98,2.0,1.89,1.88,2.02,2.03,-1.5,2.0,1.91,1.93,1.89,2.0,1.96,155.5,1.97,1.93,1.93,1.9,1.98,1.96,2017/2018
98,2018-02-22 21:45:00,Unicaja,Maccabi Tel Aviv,https://www.oddsportal.com/basketball/europe/euroleague-2017-2018/unicaja-maccabi-tel-aviv-SUUa9ENl/,83,69,False,23,19,19,22,18,14,23,14.0,1.41,1.47,3.0,2.75,1.4,1.49,3.08,2.66,1.43,1.47,3.05,2.89,-5.5,1.91,2.0,1.88,1.94,1.94,2.07,164.5,1.86,2.05,1.89,1.94,1.95,2.05,2017/2018
99,2018-02-22 21:00:00,Olympiakos,Valencia,https://www.oddsportal.com/basketball/europe/euroleague-2017-2018/olympiakos-piraeus-valencia-6LT38Yxe/,80,70,False,22,11,18,28,22,16,18,15.0,1.19,1.3,5.0,1.3,1.21,1.25,4.7,4.12,1.22,1.25,4.93,4.41,-9.0,1.94,1.96,1.92,1.92,2.02,2.0,153.5,1.94,1.96,1.9,1.93,1.99,2.0,2017/2018
100,2018-02-22 19:45:00,Fenerbahce,Olimpia Milano,https://www.oddsportal.com/basketball/europe/euroleague-2017-2018/fenerbahce-milan-OdO87hh1/,89,70,False,23,20,25,13,17,15,24,22.0,1.1,1.15,7.5,1.15,1.13,1.13,6.26,6.26,1.13,1.17,7.38,5.93,-12.5,1.91,2.0,1.89,1.94,1.96,2.02,161.0,1.96,1.94,1.91,1.92,1.96,2.0,2017/2018
101,2018-02-22 19:00:00,CSKA Moscow,Baskonia,https://www.oddsportal.com/basketball/europe/euroleague-2017-2018/cska-moscow-saski-baskonia-Y7VeAf8r/,93,86,False,20,25,26,24,25,22,22,15.0,1.19,1.15,5.0,1.15,1.21,1.21,4.7,4.57,1.2,1.22,5.14,4.93,-9.5,1.92,1.99,1.89,1.93,1.96,2.1,173.5,1.96,1.94,1.9,1.92,1.96,2.0,2017/2018
102,2018-02-09 21:45:00,Real Madrid,Olympiakos,https://www.oddsportal.com/basketball/europe/euroleague-2017-2018/real-madrid-olympiakos-piraeus-8QoHHxG8/,79,80,False,20,21,19,24,23,20,17,15.0,1.31,1.3,3.6,1.3,1.28,1.29,3.85,3.7,1.34,1.3,3.59,3.93,-7.5,2.05,1.87,1.95,1.87,2.05,1.98,159.5,2.11,1.82,1.94,1.89,2.11,1.96,2017/2018
103,2018-02-09 20:00:00,Crvena zvezda mts,Olimpia Milano,https://www.oddsportal.com/basketball/europe/euroleague-2017-2018/crvena-zvezda-mts-milan-x0jLGdVE/,100,89,False,23,20,27,25,21,20,29,24.0,1.45,1.52,2.8,2.67,1.47,1.5,2.78,2.63,1.47,1.56,2.91,2.62,-5.0,1.94,1.96,1.92,1.91,2.09,1.96,168.5,1.91,2.0,1.9,1.92,1.95,2.0,2017/2018
104,2018-02-09 20:00:00,Zalgiris Kaunas,Khimki M.,https://www.oddsportal.com/basketball/europe/euroleague-2017-2018/zalgiris-kaunas-khimki-m-bFvUEz0R/,74,84,False,26,15,18,28,15,18,15,23.0,1.55,1.52,2.6,2.67,1.56,1.53,2.51,2.56,1.57,1.54,2.57,2.66,-4.0,1.96,1.94,1.9,1.93,1.96,2.06,159.5,1.93,1.98,1.89,1.95,1.93,2.04,2017/2018
105,2018-02-09 19:45:00,Fenerbahce,Bamberg,https://www.oddsportal.com/basketball/europe/euroleague-2017-2018/fenerbahce-brose-bamberg-GjkPFGpL/,77,69,False,16,13,26,19,19,16,16,21.0,1.09,1.13,8.0,1.13,1.12,1.14,6.55,6.0,1.14,1.15,6.97,6.54,-12.5,1.94,1.96,1.89,1.93,1.96,2.1,153.5,1.95,1.95,1.93,1.89,2.0,1.95,2017/2018
106,2018-02-08 21:45:00,Unicaja,Anadolu Efes,https://www.oddsportal.com/basketball/europe/euroleague-2017-2018/unicaja-anadolu-efes-voKKCSCq/,79,68,False,23,12,17,16,21,27,18,13.0,1.47,1.48,2.75,1.48,1.52,1.56,2.63,2.47,1.49,1.54,2.84,2.66,-4.5,1.88,2.04,1.88,1.95,1.95,2.04,158.5,1.85,2.06,1.86,1.96,1.93,2.06,2017/2018
107,2018-02-08 21:30:00,Valencia,CSKA Moscow,https://www.oddsportal.com/basketball/europe/euroleague-2017-2018/valencia-cska-moscow-IyJOBnSk/,103,99,False,21,23,28,19,24,24,30,33.0,3.3,3.75,1.35,3.75,3.17,3.5,1.38,1.32,3.27,3.63,1.39,1.34,6.5,1.85,2.06,1.88,1.94,2.03,2.06,164.5,1.95,1.95,1.9,1.92,1.95,1.98,2017/2018
108,2018-02-08 21:15:00,Panathinaikos,Baskonia,https://www.oddsportal.com/basketball/europe/euroleague-2017-2018/panathinaikos-saski-baskonia-CbISA6sd/,80,76,False,21,22,25,18,21,13,13,23.0,1.41,1.38,3.0,3.15,1.37,1.44,3.22,2.85,1.39,1.43,3.27,3.05,-5.5,1.85,2.06,1.86,1.96,1.93,2.06,159.0,1.96,1.94,1.92,1.92,1.96,2.0,2017/2018
109,2018-02-08 21:05:00,Maccabi Tel Aviv,Barcelona,https://www.oddsportal.com/basketball/europe/euroleague-2017-2018/maccabi-tel-aviv-barcelona-Q1MW9Qd2/,94,82,False,22,23,24,15,19,23,29,21.0,1.44,1.47,2.85,2.75,1.48,1.54,2.75,2.53,1.47,1.56,2.89,2.59,-4.5,1.93,1.98,1.88,1.94,1.95,2.0,167.5,1.83,2.1,1.87,1.95,1.95,2.1,2017/2018
110,2018-02-02 21:30:00,Baskonia,Crvena zvezda mts,https://www.oddsportal.com/basketball/europe/euroleague-2017-2018/saski-baskonia-crvena-zvezda-mts-AF1dIlkM/,103,84,False,27,17,26,23,22,19,28,25.0,1.26,1.19,4.0,5.0,1.28,1.28,3.85,3.77,1.3,1.24,3.89,4.54,-7.5,1.96,1.94,1.92,1.9,1.99,1.95,163.5,1.92,1.99,1.89,1.93,1.98,1.99,2017/2018
111,2018-02-02 21:00:00,Bamberg,Panathinaikos,https://www.oddsportal.com/basketball/europe/euroleague-2017-2018/brose-bamberg-panathinaikos-Gh2hJUZF/,95,74,False,23,17,19,15,15,23,38,19.0,2.8,2.4,1.45,2.4,2.61,2.78,1.52,1.46,2.75,2.59,1.51,1.56,4.5,2.01,1.9,1.95,1.87,2.02,1.92,152.0,1.93,1.97,1.92,1.92,1.98,1.98,2017/2018
112,2018-02-02 19:00:00,Khimki M.,Unicaja,https://www.oddsportal.com/basketball/europe/euroleague-2017-2018/khimki-m-unicaja-l600H84S/,68,66,False,9,11,22,28,18,16,19,11.0,1.26,1.41,4.0,3.0,1.28,1.31,3.85,3.56,1.29,1.37,3.97,3.37,-7.5,1.93,1.97,1.89,1.93,1.95,2.01,157.5,1.94,1.96,1.89,1.94,1.94,2.02,2017/2018
113,2018-02-01 21:00:00,Olympiakos,Fenerbahce,https://www.oddsportal.com/basketball/europe/euroleague-2017-2018/olympiakos-piraeus-fenerbahce-KQ8qLj53/,95,70,False,34,18,11,18,26,18,24,16.0,1.71,1.71,2.2,2.2,1.74,1.74,2.16,2.12,1.71,1.72,2.28,2.25,-2.5,1.91,2.0,1.9,1.92,1.95,2.0,148.5,2.0,1.91,1.94,1.88,2.05,1.93,2017/2018
114,2018-02-01 20:00:00,Barcelona,Olimpia Milano,https://www.oddsportal.com/basketball/europe/euroleague-2017-2018/barcelona-milan-ETHgbTcj/,81,83,False,25,15,23,27,14,22,19,19.0,1.23,1.23,4.25,4.25,1.23,1.27,4.33,3.85,1.23,1.24,4.71,4.61,-8.5,1.87,2.05,1.87,1.95,1.95,2.05,166.0,1.93,1.97,1.91,1.93,1.96,2.0,2017/2018
115,2018-02-01 20:00:00,Zalgiris Kaunas,Maccabi Tel Aviv,https://www.oddsportal.com/basketball/europe/euroleague-2017-2018/zalgiris-kaunas-maccabi-tel-aviv-2kblKAK9/,99,84,False,26,20,27,26,23,16,23,22.0,1.37,1.41,3.2,3.0,1.44,1.42,2.88,2.92,1.44,1.43,3.01,3.1,-5.5,2.0,1.91,1.92,1.9,2.01,2.03,163.0,2.0,1.91,1.91,1.93,2.01,2.02,2017/2018
116,2018-02-01 19:00:00,Anadolu Efes,Valencia,https://www.oddsportal.com/basketball/europe/euroleague-2017-2018/anadolu-efes-valencia-tzAuMWkc/,82,66,False,23,19,20,12,20,22,19,13.0,1.32,1.8,3.5,2.5,1.35,1.34,3.32,3.38,1.37,1.45,3.42,2.97,-6.5,1.99,1.92,1.93,1.9,2.05,2.0,157.5,1.98,1.93,1.93,1.89,2.0,1.94,2017/2018
117,2018-02-01 19:00:00,CSKA Moscow,Real Madrid,https://www.oddsportal.com/basketball/europe/euroleague-2017-2018/cska-moscow-real-madrid-hKGccmDd/,93,87,False,33,11,21,20,24,29,15,27.0,1.31,1.47,3.55,2.67,1.31,1.49,3.63,2.66,1.32,1.5,3.75,2.8,-7.5,1.97,1.93,1.94,1.87,2.05,1.94,170.5,1.93,1.98,1.9,1.92,1.95,2.04,2017/2018
118,2018-01-26 21:45:00,Olimpia Milano,Maccabi Tel Aviv,https://www.oddsportal.com/basketball/europe/euroleague-2017-2018/milan-maccabi-tel-aviv-plhbnZ29/,102,111,False,26,30,24,27,20,26,32,28.0,1.6,1.58,2.45,2.5,1.64,1.6,2.33,2.38,1.65,1.68,2.4,2.34,-3.5,1.93,1.97,1.92,1.91,2.0,1.97,168.5,1.95,1.95,1.92,1.91,2.05,1.96,2017/2018
119,2018-01-26 21:30:00,Valencia,Khimki M.,https://www.oddsportal.com/basketball/europe/euroleague-2017-2018/valencia-khimki-m-AH08PBed/,85,83,False,23,24,23,20,17,20,22,19.0,1.71,1.47,2.2,2.75,1.7,1.57,2.21,2.44,1.71,1.56,2.27,2.59,-2.5,1.93,1.98,1.89,1.93,1.94,2.0,155.5,1.95,1.95,1.9,1.92,1.95,2.02,2017/2018
120,2018-01-26 20:00:00,Crvena zvezda mts,Olympiakos,https://www.oddsportal.com/basketball/europe/euroleague-2017-2018/crvena-zvezda-mts-olympiakos-piraeus-Ovi2ogIF/,89,78,False,24,20,19,14,14,29,32,15.0,2.85,2.8,1.44,1.58,2.81,2.58,1.46,1.52,2.97,2.38,1.45,1.65,4.5,2.04,1.88,1.96,1.87,2.05,1.98,148.5,1.95,1.95,1.92,1.91,1.98,2.02,2017/2018
121,2018-01-26 19:45:00,Fenerbahce,Barcelona,https://www.oddsportal.com/basketball/europe/euroleague-2017-2018/fenerbahce-barcelona-4x5WTQnr/,86,82,False,22,18,20,26,23,13,21,25.0,1.23,1.32,4.25,4.25,1.29,1.26,3.77,4.03,1.28,1.26,4.16,4.34,-7.5,1.89,2.02,1.88,1.94,1.93,2.02,154.5,1.88,2.02,1.9,1.93,1.97,2.02,2017/2018
123,2018-01-25 21:45:00,Real Madrid,Anadolu Efes,https://www.oddsportal.com/basketball/europe/euroleague-2017-2018/real-madrid-anadolu-efes-2ic0RXQq/,87,68,False,20,14,19,16,21,17,27,21.0,1.12,1.13,6.5,9.0,1.16,1.11,5.54,6.88,1.13,1.14,7.04,6.97,-11.5,1.92,1.99,1.91,1.9,1.96,1.99,169.0,1.94,1.96,1.9,1.93,1.94,2.02,2017/2018
124,2018-01-25 21:45:00,Unicaja,Baskonia,https://www.oddsportal.com/basketball/europe/euroleague-2017-2018/unicaja-saski-baskonia-dEd4Qitj/,83,85,False,21,19,22,27,21,21,19,18.0,1.68,1.73,2.25,2.25,1.69,1.69,2.23,2.2,1.71,1.71,2.27,2.27,-2.5,1.95,1.95,1.93,1.89,2.04,1.95,159.5,1.93,1.97,1.91,1.92,1.95,1.97,2017/2018
125,2018-01-25 21:15:00,Panathinaikos,Zalgiris Kaunas,https://www.oddsportal.com/basketball/europe/euroleague-2017-2018/panathinaikos-zalgiris-kaunas-CMvileYd/,94,93,True,29,17,18,20,12,21,24,2.0,1.25,1.35,4.2,3.3,1.26,1.27,4.03,3.85,1.24,1.26,4.61,4.38,-8.0,1.93,1.97,1.91,1.92,2.02,1.97,153.5,1.94,1.96,1.91,1.91,1.98,2.0,2017/2018
126,2018-01-19 21:45:00,Unicaja,Real Madrid,https://www.oddsportal.com/basketball/europe/euroleague-2017-2018/unicaja-real-madrid-KSwj1dEU/,80,75,False,20,15,18,12,19,25,23,23.0,2.67,2.85,1.52,1.44,2.47,2.58,1.58,1.52,2.53,2.66,1.59,1.54,3.5,1.96,1.94,1.94,1.88,2.05,1.94,163.5,1.93,1.97,1.9,1.92,2.0,1.97,2017/2018
127,2018-01-19 21:30:00,Baskonia,Olimpia Milano,https://www.oddsportal.com/basketball/europe/euroleague-2017-2018/saski-baskonia-milan-YBur3IqI/,82,83,False,19,22,17,25,20,18,26,18.0,1.22,1.3,4.5,3.65,1.24,1.31,4.22,3.56,1.25,1.31,4.4,3.82,-8.5,1.98,1.93,1.93,1.89,2.0,1.94,165.5,1.93,1.98,1.9,1.93,1.95,2.02,2017/2018
128,2018-01-19 21:15:00,Panathinaikos,CSKA Moscow,https://www.oddsportal.com/basketball/europe/euroleague-2017-2018/panathinaikos-cska-moscow-pj5dMupt/,70,75,False,20,15,9,16,22,20,19,24.0,2.15,2.5,1.74,1.57,2.16,2.31,1.74,1.63,2.21,2.34,1.75,1.68,2.5,1.94,1.96,1.92,1.9,2.01,1.97,161.5,1.85,2.06,1.88,1.95,1.93,2.1,2017/2018
129,2018-01-19 19:30:00,Anadolu Efes,Fenerbahce,https://www.oddsportal.com/basketball/europe/euroleague-2017-2018/anadolu-efes-fenerbahce-txun2xaO/,84,89,False,24,24,11,22,22,22,27,21.0,3.1,3.4,1.4,1.35,2.96,3.04,1.43,1.4,3.03,3.44,1.44,1.36,5.5,1.94,1.96,1.92,1.9,2.02,2.0,154.5,1.88,2.03,1.88,1.94,1.92,2.03,2017/2018
130,2018-01-18 22:00:00,Barcelona,Bamberg,https://www.oddsportal.com/basketball/europe/euroleague-2017-2018/barcelona-brose-bamberg-4WmR60pg/,81,66,False,18,15,26,19,15,18,22,14.0,1.27,1.32,3.9,3.5,1.28,1.28,3.85,3.77,1.29,1.29,4.01,4.01,-7.5,1.89,2.02,1.9,1.92,2.03,2.02,158.5,1.93,1.98,1.89,1.93,1.95,2.01,2017/2018
131,2018-01-18 21:05:00,Maccabi Tel Aviv,Crvena zvezda mts,https://www.oddsportal.com/basketball/europe/euroleague-2017-2018/maccabi-tel-aviv-crvena-zvezda-mts-CdiZ4vF5/,89,75,False,23,16,24,13,17,23,25,23.0,1.35,1.5,3.3,3.15,1.35,1.39,3.32,3.08,1.36,1.46,3.44,2.94,-6.0,1.87,2.04,1.89,1.94,2.01,2.04,165.5,1.94,1.96,1.89,1.94,1.94,1.99,2017/2018
132,2018-01-18 20:00:00,Zalgiris Kaunas,Valencia,https://www.oddsportal.com/basketball/europe/euroleague-2017-2018/zalgiris-kaunas-valencia-fLtv4bUB/,86,82,False,26,19,21,12,16,26,23,25.0,1.44,1.47,2.85,2.75,1.48,1.46,2.75,2.78,1.51,1.47,2.75,2.93,-4.5,1.96,1.94,1.89,1.93,1.98,2.0,155.5,1.97,1.93,1.92,1.91,1.99,1.95,2017/2018
133,2018-01-18 19:00:00,Khimki M.,Olympiakos,https://www.oddsportal.com/basketball/europe/euroleague-2017-2018/khimki-m-olympiakos-piraeus-bgmV5Kaa/,82,54,False,28,14,21,11,16,13,17,16.0,2.15,1.83,1.74,2.0,2.16,1.98,1.74,1.86,2.13,1.97,1.8,1.93,1.5,1.99,1.92,1.99,1.84,2.12,1.92,151.5,1.95,1.95,1.92,1.9,2.05,2.05,2017/2018
134,2018-01-17 21:45:00,Olimpia Milano,Unicaja,https://www.oddsportal.com/basketball/europe/euroleague-2017-2018/milan-unicaja-r7GTWg3M/,101,87,False,31,22,19,22,29,27,22,16.0,1.8,1.83,2.05,2.0,1.76,1.87,2.12,1.97,1.78,1.9,2.16,2.01,-2.5,2.0,1.91,1.98,1.85,2.06,1.92,157.5,1.95,1.95,1.92,1.91,1.97,1.95,2017/2018
135,2018-01-17 21:45:00,Real Madrid,Baskonia,https://www.oddsportal.com/basketball/europe/euroleague-2017-2018/real-madrid-saski-baskonia-4GHPXZmG/,75,73,False,18,17,16,17,25,27,16,12.0,1.26,1.22,4.0,4.25,1.26,1.25,4.03,4.12,1.27,1.23,4.26,4.67,-8.0,1.93,1.97,1.9,1.94,1.93,2.09,169.0,1.96,1.94,1.92,1.91,1.96,2.0,2017/2018
136,2018-01-17 19:45:00,Fenerbahce,Panathinaikos,https://www.oddsportal.com/basketball/europe/euroleague-2017-2018/fenerbahce-panathinaikos-0rBYVDIS/,67,62,False,18,20,17,10,12,20,20,12.0,1.44,1.4,2.85,2.75,1.42,1.49,3.0,2.66,1.46,1.48,2.95,2.86,-5.0,1.92,1.99,1.9,1.94,2.01,2.01,150.5,2.05,1.86,1.95,1.88,2.21,1.95,2017/2018
137,2018-01-17 19:00:00,CSKA Moscow,Anadolu Efes,https://www.oddsportal.com/basketball/europe/euroleague-2017-2018/cska-moscow-anadolu-efes-AgILYFY9/,110,79,False,35,21,23,25,23,15,29,18.0,1.07,1.1,9.0,7.5,1.1,1.12,7.25,6.55,1.11,1.13,8.1,7.38,-13.5,1.88,2.03,1.88,1.95,1.91,2.03,169.5,2.03,1.88,1.92,1.91,2.03,2.01,2017/2018
138,2018-01-16 21:30:00,Valencia,Barcelona,https://www.oddsportal.com/basketball/europe/euroleague-2017-2018/valencia-barcelona-GfPCzx4c/,81,76,False,22,14,21,22,19,23,19,17.0,2.3,2.1,1.66,1.76,2.36,2.02,1.62,1.82,2.34,2.07,1.68,1.85,3.5,1.88,2.02,1.87,1.96,1.96,2.06,157.5,1.97,1.93,1.93,1.89,2.03,1.93,2017/2018
139,2018-01-16 21:00:00,Bamberg,Zalgiris Kaunas,https://www.oddsportal.com/basketball/europe/euroleague-2017-2018/brose-bamberg-zalgiris-kaunas-llXQCYBj/,93,86,False,21,23,16,21,27,17,29,25.0,1.83,1.87,2.0,2.15,1.78,1.9,2.08,1.94,1.79,1.88,2.14,2.03,-1.5,1.88,2.03,1.92,1.9,2.06,2.03,154.5,1.94,1.96,1.89,1.94,2.02,2.02,2017/2018
140,2018-01-16 21:00:00,Olympiakos,Maccabi Tel Aviv,https://www.oddsportal.com/basketball/europe/euroleague-2017-2018/olympiakos-piraeus-maccabi-tel-aviv-x4Q8yIli/,94,64,False,24,16,29,24,17,11,24,13.0,1.22,1.27,4.5,3.5,1.22,1.28,4.44,3.77,1.22,1.28,4.85,4.08,-9.5,1.97,1.93,1.92,1.9,1.97,1.97,155.5,1.91,2.0,1.88,1.95,1.91,2.02,2017/2018
141,2018-01-16 20:00:00,Crvena zvezda mts,Khimki M.,https://www.oddsportal.com/basketball/europe/euroleague-2017-2018/crvena-zvezda-mts-khimki-m-bJEHZeJ3/,70,79,False,21,14,16,17,17,21,16,27.0,1.71,1.83,2.2,2.0,1.68,1.74,2.25,2.12,1.75,1.75,2.2,2.2,-2.5,1.96,1.94,1.92,1.9,2.02,1.96,159.0,1.91,2.0,1.89,1.95,1.94,2.03,2017/2018
142,2018-01-12 21:30:00,Baskonia,Olympiakos,https://www.oddsportal.com/basketball/europe/euroleague-2017-2018/saski-baskonia-olympiakos-piraeus-jDijJzZM/,86,54,False,16,21,20,9,36,14,14,10.0,1.71,1.95,2.2,2.1,1.74,1.74,2.16,2.12,1.76,1.91,2.19,2.0,-2.5,1.97,1.93,1.95,1.87,2.04,2.0,153.0,1.93,1.97,1.9,1.94,1.95,1.97,2017/2018
143,2018-01-12 20:00:00,Zalgiris Kaunas,Unicaja,https://www.oddsportal.com/basketball/europe/euroleague-2017-2018/zalgiris-kaunas-unicaja-AcYMDEdp/,79,77,False,17,19,15,21,20,15,27,22.0,1.36,1.5,3.25,3.0,1.41,1.39,3.04,3.08,1.45,1.48,2.97,2.88,-5.5,2.01,1.9,1.91,1.91,2.01,1.96,154.0,1.95,1.95,1.92,1.91,1.96,1.96,2017/2018
144,2018-01-12 19:30:00,Anadolu Efes,Crvena zvezda mts,https://www.oddsportal.com/basketball/europe/euroleague-2017-2018/anadolu-efes-crvena-zvezda-mts-4zvwObKi/,104,95,False,22,21,28,25,27,25,27,24.0,1.44,1.5,2.85,2.75,1.52,1.52,2.61,2.58,1.51,1.51,2.76,2.75,-4.5,1.95,1.95,1.89,1.93,1.95,1.96,157.5,1.93,1.97,1.9,1.92,1.95,2.02,2017/2018
145,2018-01-12 19:00:00,Khimki M.,Real Madrid,https://www.oddsportal.com/basketball/europe/euroleague-2017-2018/khimki-m-real-madrid-4GefIflT/,78,95,False,17,26,14,25,18,16,29,28.0,2.55,1.7,1.57,1.83,2.36,2.38,1.62,1.6,2.37,2.37,1.66,1.66,3.5,1.88,2.03,1.89,1.93,1.99,2.03,164.5,1.93,1.97,1.9,1.93,1.97,1.97,2017/2018
146,2018-01-11 21:45:00,Olimpia Milano,CSKA Moscow,https://www.oddsportal.com/basketball/europe/euroleague-2017-2018/milan-cska-moscow-bcwsNIZc/,81,107,False,15,23,21,27,25,27,20,30.0,4.25,4.2,1.23,1.23,4.12,4.12,1.25,1.25,4.22,4.19,1.27,1.27,8.5,1.88,2.04,1.87,1.96,1.92,2.04,167.5,1.95,1.95,1.94,1.88,2.02,1.95,2017/2018
147,2018-01-11 21:45:00,Valencia,Fenerbahce,https://www.oddsportal.com/basketball/europe/euroleague-2017-2018/valencia-fenerbahce-xlxoMxk4/,67,80,False,7,18,20,15,23,18,17,29.0,2.3,2.5,1.66,1.52,2.25,2.56,1.68,1.53,2.34,2.72,1.68,1.52,3.0,1.96,1.94,1.93,1.91,2.0,1.96,150.5,1.93,1.98,1.88,1.95,1.93,2.02,2017/2018
148,2018-01-11 21:05:00,Maccabi Tel Aviv,Bamberg,https://www.oddsportal.com/basketball/europe/euroleague-2017-2018/maccabi-tel-aviv-brose-bamberg-djhnKGJG/,90,88,False,20,25,19,16,26,23,25,24.0,1.41,1.33,3.0,3.3,1.48,1.41,2.75,2.92,1.45,1.36,2.97,3.44,-5.5,2.01,1.9,1.96,1.87,2.04,1.93,157.5,1.95,1.95,1.91,1.92,1.96,1.98,2017/2018
149,2018-01-11 21:00:00,Panathinaikos,Barcelona,https://www.oddsportal.com/basketball/europe/euroleague-2017-2018/panathinaikos-barcelona-IagrLd4A/,84,75,False,17,19,19,15,18,14,30,27.0,1.44,1.52,2.85,2.67,1.45,1.5,2.85,2.61,1.5,1.47,2.81,2.89,-5.0,1.98,1.93,1.95,1.89,2.03,1.93,158.5,1.95,1.95,1.91,1.92,1.95,2.03,2017/2018
150,2018-01-05 21:45:00,Real Madrid,Maccabi Tel Aviv,https://www.oddsportal.com/basketball/europe/euroleague-2017-2018/real-madrid-maccabi-tel-aviv-Iq5K5H4N/,93,81,False,25,26,23,24,21,10,24,21.0,1.12,1.19,6.5,5.0,1.16,1.22,5.54,4.44,1.17,1.21,5.91,5.0,-11.5,1.93,1.97,1.89,1.93,1.96,2.0,167.5,1.93,1.97,1.9,1.93,1.93,1.99,2017/2018
151,2018-01-05 21:00:00,Bamberg,Khimki M.,https://www.oddsportal.com/basketball/europe/euroleague-2017-2018/brose-bamberg-khimki-m-vg6G6ckH/,70,74,False,26,26,16,14,16,16,12,18.0,1.83,1.75,2.0,2.3,1.96,1.7,1.9,2.19,1.9,1.85,2.01,2.07,-1.0,1.95,1.95,1.96,1.87,2.05,1.95,155.5,1.99,1.92,1.95,1.89,2.03,1.93,2017/2018
152,2018-01-05 21:00:00,Olympiakos,Olimpia Milano,https://www.oddsportal.com/basketball/europe/euroleague-2017-2018/olympiakos-piraeus-milan-nJ9O4yKT/,87,80,False,26,17,22,17,22,19,17,27.0,1.18,1.22,5.25,4.25,1.21,1.22,4.7,4.44,1.21,1.22,4.99,4.93,-9.5,1.95,1.95,1.91,1.92,1.96,1.96,151.5,1.92,1.99,1.89,1.93,1.95,2.03,2017/2018
153,2018-01-05 20:00:00,Crvena zvezda mts,Zalgiris Kaunas,https://www.oddsportal.com/basketball/europe/euroleague-2017-2018/crvena-zvezda-mts-zalgiris-kaunas-lSej0eSp/,77,65,False,16,18,17,13,15,14,29,20.0,2.0,1.9,1.83,1.9,1.95,1.95,1.91,1.89,1.95,1.88,1.95,2.02,1.0,1.9,2.01,1.88,1.96,1.91,2.01,155.5,1.93,1.97,1.92,1.91,2.01,1.97,2017/2018
154,2018-01-05 19:45:00,Fenerbahce,Baskonia,https://www.oddsportal.com/basketball/europe/euroleague-2017-2018/fenerbahce-saski-baskonia-jXZYOv5o/,79,74,False,18,22,18,16,27,21,16,15.0,1.18,1.23,5.25,4.25,1.2,1.26,4.84,4.03,1.21,1.25,5.09,4.47,-9.5,1.98,1.93,1.89,1.92,1.99,2.04,157.5,1.92,1.99,1.9,1.94,1.96,2.0,2017/2018
155,2018-01-04 22:00:00,Barcelona,CSKA Moscow,https://www.oddsportal.com/basketball/europe/euroleague-2017-2018/barcelona-cska-moscow-4Mb49a5b/,85,72,False,25,17,22,25,19,13,19,17.0,2.67,2.25,1.52,1.47,2.56,2.49,1.54,1.55,2.62,2.72,1.56,1.52,4.5,2.04,1.88,1.98,1.84,2.1,1.95,171.5,2.02,1.88,1.92,1.9,2.02,1.96,2017/2018
156,2018-01-04 21:45:00,Unicaja,Valencia,https://www.oddsportal.com/basketball/europe/euroleague-2017-2018/unicaja-valencia-bqb88JK4/,83,85,False,19,19,29,20,21,26,14,20.0,1.52,1.62,2.67,2.4,1.54,1.63,2.56,2.31,1.54,1.65,2.66,2.38,-4.5,1.95,1.95,1.92,1.89,1.96,1.95,154.0,1.93,1.98,1.9,1.94,1.95,2.02,2017/2018
157,2018-01-04 21:15:00,Panathinaikos,Anadolu Efes,https://www.oddsportal.com/basketball/europe/euroleague-2017-2018/panathinaikos-anadolu-efes-dUGB7wzB/,90,79,False,23,12,24,21,23,23,20,23.0,1.23,1.3,4.25,4.25,1.24,1.24,4.22,4.22,1.25,1.24,4.5,4.57,-8.5,1.93,1.98,1.91,1.91,1.96,1.99,154.0,2.03,1.88,1.93,1.9,2.03,1.95,2017/2018
158,2017-12-29 21:45:00,Olimpia Milano,Crvena zvezda mts,https://www.oddsportal.com/basketball/europe/euroleague-2017-2018/milan-crvena-zvezda-mts-QVa0Aujh/,88,91,False,15,29,25,16,20,16,28,30.0,1.47,1.47,2.75,2.75,1.54,1.45,2.56,2.81,1.5,1.52,2.8,2.72,-4.5,1.93,1.98,1.91,1.91,2.01,1.98,156.5,1.88,2.02,1.9,1.93,1.97,2.02,2017/2018
159,2017-12-29 21:30:00,Baskonia,CSKA Moscow,https://www.oddsportal.com/basketball/europe/euroleague-2017-2018/saski-baskonia-cska-moscow-hrVoiIkU/,81,90,False,26,18,22,33,24,19,9,20.0,2.85,2.67,1.44,1.52,2.85,2.63,1.45,1.5,2.88,2.78,1.48,1.51,5.0,1.99,1.92,1.94,1.9,2.01,1.95,169.5,1.91,2.0,1.86,1.97,1.91,2.03,2017/2018
160,2017-12-29 19:30:00,Anadolu Efes,Bamberg,https://www.oddsportal.com/basketball/europe/euroleague-2017-2018/anadolu-efes-brose-bamberg-U36iC1Lu/,69,58,False,15,18,14,20,15,10,25,10.0,1.57,1.57,2.55,2.55,1.64,1.59,2.33,2.4,1.63,1.59,2.44,2.52,-3.5,1.99,1.92,1.93,1.9,2.03,1.94,156.5,1.98,1.93,1.93,1.89,2.0,1.95,2017/2018
161,2017-12-29 19:00:00,Khimki M.,Barcelona,https://www.oddsportal.com/basketball/europe/euroleague-2017-2018/khimki-m-barcelona-8f5eBLzn/,65,79,False,15,25,17,11,25,21,8,22.0,1.47,1.47,2.75,2.75,1.52,1.54,2.61,2.53,1.52,1.5,2.72,2.8,-4.5,1.95,1.95,1.92,1.91,2.0,1.99,162.0,1.97,1.93,1.92,1.91,2.0,2.02,2017/2018
162,2017-12-28 22:00:00,Valencia,Panathinaikos,https://www.oddsportal.com/basketball/europe/euroleague-2017-2018/valencia-panathinaikos-hhK8lJUO/,67,63,False,12,17,20,15,16,16,19,15.0,2.35,1.75,1.64,1.9,2.26,2.11,1.67,1.75,2.26,2.05,1.72,1.86,2.5,1.98,1.93,1.97,1.86,2.06,1.95,153.5,2.04,1.87,1.93,1.89,2.05,2.0,2017/2018
163,2017-12-28 21:05:00,Maccabi Tel Aviv,Unicaja,https://www.oddsportal.com/basketball/europe/euroleague-2017-2018/maccabi-tel-aviv-unicaja-6e8jD27P/,78,89,False,22,19,25,20,11,22,20,28.0,1.44,1.41,2.85,3.0,1.47,1.4,2.78,3.04,1.46,1.37,2.95,3.38,-5.5,2.02,1.89,1.94,1.88,2.02,1.96,160.5,1.93,1.97,1.9,1.93,1.93,1.99,2017/2018
164,2017-12-28 20:00:00,Zalgiris Kaunas,Olympiakos,https://www.oddsportal.com/basketball/europe/euroleague-2017-2018/zalgiris-kaunas-olympiakos-piraeus-QukN7tVn/,74,68,False,22,19,14,19,12,15,26,15.0,1.76,1.9,2.1,1.9,1.77,1.67,2.11,2.23,1.75,1.78,2.21,2.16,-2.5,1.96,1.94,1.95,1.88,2.02,1.95,149.5,2.03,1.88,1.96,1.86,2.04,1.93,2017/2018
165,2017-12-28 19:45:00,Fenerbahce,Real Madrid,https://www.oddsportal.com/basketball/europe/euroleague-2017-2018/fenerbahce-real-madrid-84fI8MFt/,77,79,False,17,10,19,27,25,25,16,17.0,1.38,1.7,3.15,2.55,1.42,1.48,3.0,2.69,1.41,1.49,3.15,2.82,-5.5,1.93,1.98,1.89,1.93,1.97,2.0,159.5,2.03,1.88,1.93,1.89,2.03,1.92,2017/2018
166,2017-12-22 21:45:00,Unicaja,Olimpia Milano,https://www.oddsportal.com/basketball/europe/euroleague-2017-2018/unicaja-milan-f715kaFI/,74,71,False,26,20,9,22,20,11,19,18.0,1.5,1.53,2.7,2.67,1.5,1.52,2.69,2.58,1.49,1.56,2.84,2.59,-4.5,1.87,2.05,1.89,1.93,1.95,2.05,157.5,1.94,1.96,1.9,1.93,1.94,2.02,2017/2018
167,2017-12-22 21:30:00,Baskonia,Barcelona,https://www.oddsportal.com/basketball/europe/euroleague-2017-2018/saski-baskonia-barcelona-4I8hh1Va/,85,82,False,22,17,30,18,22,22,11,25.0,1.52,1.57,2.67,2.67,1.55,1.54,2.53,2.53,1.56,1.51,2.59,2.76,-4.0,1.95,1.95,1.9,1.94,1.99,2.03,166.5,1.91,2.0,1.87,1.95,1.95,2.04,2017/2018
168,2017-12-22 19:30:00,Anadolu Efes,Olympiakos,https://www.oddsportal.com/basketball/europe/euroleague-2017-2018/anadolu-efes-olympiakos-piraeus-CrC0ju0C/,58,61,False,9,17,16,16,14,12,19,16.0,2.15,2.25,1.74,1.66,2.17,2.09,1.73,1.76,2.32,2.24,1.68,1.73,2.5,2.01,1.9,1.94,1.88,2.01,1.98,153.5,2.1,1.83,1.95,1.88,2.1,1.95,2017/2018
169,2017-12-22 19:00:00,CSKA Moscow,Khimki M.,https://www.oddsportal.com/basketball/europe/euroleague-2017-2018/cska-moscow-khimki-m-YiDdiLp6/,79,68,False,23,16,20,17,14,22,22,13.0,1.11,1.12,6.75,6.5,1.14,1.17,6.0,5.16,1.13,1.16,7.1,6.25,-11.5,1.97,1.93,1.92,1.9,2.04,1.98,169.5,2.03,1.88,1.94,1.89,2.03,2.0,2017/2018
170,2017-12-21 21:45:00,Valencia,Zalgiris Kaunas,https://www.oddsportal.com/basketball/europe/euroleague-2017-2018/valencia-zalgiris-kaunas-UaGue3os/,63,71,False,16,19,20,15,10,20,17,17.0,1.6,1.57,2.45,2.55,1.58,1.6,2.47,2.35,1.56,1.56,2.6,2.6,-3.5,1.87,2.05,1.85,1.98,1.91,2.06,156.5,2.01,1.9,1.94,1.89,2.01,1.98,2017/2018
171,2017-12-21 21:05:00,Maccabi Tel Aviv,Fenerbahce,https://www.oddsportal.com/basketball/europe/euroleague-2017-2018/maccabi-tel-aviv-fenerbahce-QR9lgsGg/,82,73,False,24,15,16,21,20,18,22,19.0,2.75,2.2,1.47,1.71,2.78,2.38,1.47,1.6,2.76,2.32,1.51,1.68,4.5,2.01,1.9,1.95,1.86,2.05,1.91,157.5,1.99,1.92,1.92,1.91,2.0,1.95,2017/2018
172,2017-12-21 21:00:00,Bamberg,Real Madrid,https://www.oddsportal.com/basketball/europe/euroleague-2017-2018/brose-bamberg-real-madrid-CKTDaqwQ/,66,81,False,13,29,22,21,16,18,15,13.0,2.45,2.75,1.6,2.75,2.36,2.42,1.62,1.58,2.43,2.52,1.63,1.59,3.5,1.93,1.98,1.91,1.91,2.03,1.98,163.5,1.88,2.03,1.87,1.94,1.94,2.05,2017/2018
173,2017-12-21 20:00:00,Crvena zvezda mts,Panathinaikos,https://www.oddsportal.com/basketball/europe/euroleague-2017-2018/crvena-zvezda-mts-panathinaikos-r3KqfN0m/,63,69,False,15,20,23,21,11,17,14,11.0,1.8,1.75,2.05,1.75,1.82,1.66,2.04,2.25,1.91,1.75,2.0,2.2,-1.5,1.99,1.92,1.93,1.9,2.07,2.0,156.0,2.01,1.9,1.94,1.89,2.01,1.95,2017/2018
174,2017-12-20 22:00:00,Barcelona,Unicaja,https://www.oddsportal.com/basketball/europe/euroleague-2017-2018/barcelona-unicaja-AawVf0j5/,83,90,False,24,26,21,18,19,22,19,24.0,1.23,1.3,4.25,1.3,1.26,1.33,4.03,3.43,1.25,1.34,4.46,3.57,-8.5,1.92,1.99,1.91,1.91,2.05,1.99,159.0,1.93,1.97,1.9,1.93,1.93,1.99,2017/2018
175,2017-12-20 21:45:00,Olimpia Milano,Baskonia,https://www.oddsportal.com/basketball/europe/euroleague-2017-2018/milan-saski-baskonia-dGywgvLH/,92,85,False,27,25,22,12,27,21,16,27.0,1.9,2.0,1.9,1.83,1.96,2.02,1.9,1.82,1.94,2.09,1.96,1.83,1.5,1.84,2.08,1.81,2.03,1.9,2.12,163.5,1.93,1.97,1.9,1.93,1.96,1.97,2017/2018
176,2017-12-20 21:00:00,Olympiakos,CSKA Moscow,https://www.oddsportal.com/basketball/europe/euroleague-2017-2018/olympiakos-piraeus-cska-moscow-vuRshbzO/,88,86,False,23,20,22,28,19,20,24,18.0,2.8,2.3,1.45,1.66,2.69,2.53,1.5,1.54,2.84,2.32,1.49,1.68,5.5,1.92,1.99,1.85,1.95,1.92,2.04,156.0,1.93,1.97,1.89,1.94,1.93,2.04,2017/2018
177,2017-12-20 19:00:00,Khimki M.,Anadolu Efes,https://www.oddsportal.com/basketball/europe/euroleague-2017-2018/khimki-m-anadolu-efes-IPxZgK5B/,86,68,False,26,19,11,14,20,23,29,12.0,1.35,1.38,3.3,1.38,1.38,1.42,3.17,2.92,1.37,1.46,3.39,2.95,-6.5,1.94,1.96,1.91,1.91,2.0,1.98,164.5,1.98,1.93,1.9,1.93,1.98,2.0,2017/2018
178,2017-12-19 21:45:00,Real Madrid,Valencia,https://www.oddsportal.com/basketball/europe/euroleague-2017-2018/real-madrid-valencia-tKoEbrit/,91,72,False,24,18,19,23,21,17,27,14.0,1.31,1.18,3.6,1.18,1.32,1.33,3.5,3.43,1.31,1.21,3.81,5.0,-7.5,2.01,1.9,1.94,1.88,2.03,1.92,164.5,1.98,1.93,1.91,1.92,1.98,2.02,2017/2018
179,2017-12-19 21:15:00,Panathinaikos,Maccabi Tel Aviv,https://www.oddsportal.com/basketball/europe/euroleague-2017-2018/panathinaikos-maccabi-tel-aviv-zsoIc26n/,89,76,False,25,21,24,22,18,13,22,20.0,1.41,1.32,3.0,3.5,1.45,1.46,2.85,2.78,1.44,1.38,3.03,3.34,-5.5,1.93,1.97,1.91,1.91,2.0,2.02,158.5,1.95,1.95,1.94,1.89,2.02,1.95,2017/2018
180,2017-12-19 20:00:00,Zalgiris Kaunas,Bamberg,https://www.oddsportal.com/basketball/europe/euroleague-2017-2018/zalgiris-kaunas-brose-bamberg-W8vRetya/,88,84,False,21,22,29,27,22,23,16,12.0,1.38,1.32,3.15,1.32,1.39,1.38,3.12,3.12,1.41,1.36,3.18,3.49,-5.5,1.98,1.93,1.91,1.91,2.04,2.05,154.5,2.05,1.86,1.95,1.88,2.05,2.0,2017/2018
181,2017-12-19 19:45:00,Fenerbahce,Crvena zvezda mts,https://www.oddsportal.com/basketball/europe/euroleague-2017-2018/fenerbahce-crvena-zvezda-mts-lpkMdMLh/,82,56,False,17,11,24,22,21,9,20,14.0,1.11,1.12,7.0,6.5,1.13,1.13,6.26,6.26,1.13,1.14,7.04,6.69,-12.0,1.88,2.02,1.91,1.92,1.99,2.02,157.0,1.92,1.99,1.92,1.92,1.96,1.99,2017/2018
182,2017-12-15 21:30:00,Valencia,Crvena zvezda mts,https://www.oddsportal.com/basketball/europe/euroleague-2017-2018/valencia-crvena-zvezda-mts-Q9h47IID/,82,86,False,22,26,16,14,25,16,19,30.0,1.29,1.28,3.7,1.28,1.3,1.36,3.7,3.22,1.31,1.32,3.8,3.73,-7.5,1.85,2.06,1.87,1.97,1.95,2.11,156.5,1.79,2.14,1.85,1.97,1.91,2.14,2017/2018
183,2017-12-15 21:15:00,Panathinaikos,Olimpia Milano,https://www.oddsportal.com/basketball/europe/euroleague-2017-2018/panathinaikos-milan-4fOpGAMD/,80,72,False,14,23,25,18,25,16,16,15.0,1.12,1.15,6.5,5.75,1.15,1.17,5.76,5.16,1.17,1.17,6.01,5.83,-11.5,1.98,1.93,1.92,1.91,1.98,1.96,152.5,1.97,1.93,1.92,1.91,2.02,1.96,2017/2018
184,2017-12-15 19:30:00,Anadolu Efes,Baskonia,https://www.oddsportal.com/basketball/europe/euroleague-2017-2018/anadolu-efes-saski-baskonia-nJg08b37/,81,82,False,19,24,23,21,26,20,13,17.0,1.86,1.71,1.95,1.71,1.88,1.84,1.98,2.0,1.93,1.88,1.97,2.02,-1.5,2.05,1.86,1.97,1.86,2.06,1.95,166.5,1.9,2.01,1.88,1.95,1.91,2.02,2017/2018
185,2017-12-15 19:30:00,CSKA Moscow,Maccabi Tel Aviv,https://www.oddsportal.com/basketball/europe/euroleague-2017-2018/cska-moscow-maccabi-tel-aviv-hdfd9vl1/,101,86,False,21,20,28,14,23,23,29,29.0,1.1,1.12,7.5,6.5,1.12,1.13,6.55,6.26,1.13,1.13,7.07,7.11,-12.5,1.96,1.94,1.9,1.92,2.03,2.02,169.5,1.91,2.0,1.89,1.95,1.98,2.04,2017/2018
186,2017-12-14 21:45:00,Real Madrid,Barcelona,https://www.oddsportal.com/basketball/europe/euroleague-2017-2018/real-madrid-barcelona-K62qCt4r/,87,75,False,15,15,25,23,28,14,19,23.0,1.47,1.38,2.75,3.15,1.54,1.45,2.56,2.81,1.53,1.41,2.71,3.17,-4.5,2.0,1.91,1.95,1.88,2.02,1.94,167.5,1.88,2.03,1.89,1.94,1.93,2.03,2017/2018
187,2017-12-14 21:00:00,Bamberg,Olympiakos,https://www.oddsportal.com/basketball/europe/euroleague-2017-2018/brose-bamberg-olympiakos-piraeus-SEAHGMeR/,67,65,False,15,14,17,26,18,18,17,7.0,2.3,2.5,1.66,2.5,2.19,2.38,1.72,1.6,2.2,2.47,1.75,1.61,2.5,1.91,2.0,1.92,1.9,2.04,2.01,149.5,1.97,1.93,1.9,1.92,1.97,2.0,2017/2018
188,2017-12-14 21:00:00,Unicaja,Khimki M.,https://www.oddsportal.com/basketball/europe/euroleague-2017-2018/unicaja-khimki-m-bc1mB0Jl/,93,84,False,27,26,20,22,20,18,26,18.0,1.76,2.0,2.1,1.83,1.78,1.84,2.08,2.0,1.74,1.93,2.22,1.97,-2.5,1.95,1.95,1.94,1.88,2.01,1.95,155.5,2.03,1.88,1.92,1.89,2.04,1.93,2017/2018
189,2017-12-14 19:45:00,Fenerbahce,Zalgiris Kaunas,https://www.oddsportal.com/basketball/europe/euroleague-2017-2018/fenerbahce-zalgiris-kaunas-tMjhAKYf/,89,90,False,24,16,18,25,22,22,25,27.0,1.15,1.15,5.75,1.15,1.17,1.18,5.34,5.0,1.18,1.19,5.61,5.41,-10.5,2.0,1.91,1.96,1.86,2.05,1.91,150.5,1.93,1.98,1.89,1.93,1.98,2.02,2017/2018
190,2017-12-08 22:00:00,Barcelona,Fenerbahce,https://www.oddsportal.com/basketball/europe/euroleague-2017-2018/barcelona-fenerbahce-hdI4JOB8/,68,83,False,28,22,10,17,13,25,17,19.0,1.9,1.91,1.9,1.91,1.93,1.9,1.93,1.94,2.03,2.02,1.88,1.89,-1.0,2.05,1.86,2.01,1.84,2.09,1.91,156.5,2.0,1.91,1.93,1.9,2.0,1.95,2017/2018
191,2017-12-08 21:00:00,Olympiakos,Real Madrid,https://www.oddsportal.com/basketball/europe/euroleague-2017-2018/olympiakos-piraeus-real-madrid-6aM8IrRE/,92,83,True,18,8,16,22,22,17,16,2.0,1.6,1.53,2.45,1.53,1.59,1.6,2.44,2.38,1.6,1.63,2.51,2.44,-3.5,1.98,1.93,1.91,1.91,2.05,1.98,157.0,1.95,1.95,1.9,1.93,1.95,1.96,2017/2018
192,2017-12-08 20:00:00,Crvena zvezda mts,Anadolu Efes,https://www.oddsportal.com/basketball/europe/euroleague-2017-2018/crvena-zvezda-mts-anadolu-efes-lOBDH2tL/,100,81,False,29,23,21,21,24,18,26,19.0,1.66,1.66,2.3,2.3,1.7,1.66,2.21,2.25,1.73,1.78,2.24,2.17,-2.5,1.95,1.95,1.92,1.91,2.05,2.02,164.5,1.95,1.95,1.89,1.94,1.95,2.0,2017/2018
193,2017-12-07 21:45:00,Olimpia Milano,Khimki M.,https://www.oddsportal.com/basketball/europe/euroleague-2017-2018/milan-khimki-m-YuaMd14e/,71,77,False,24,12,14,19,18,24,15,22.0,1.71,1.86,2.2,1.95,1.78,1.84,2.08,2.0,1.78,1.86,2.17,2.05,-2.0,1.93,1.97,1.9,1.93,2.0,2.0,157.5,1.9,2.01,1.87,1.94,1.91,2.01,2017/2018
194,2017-12-07 21:30:00,Baskonia,Unicaja,https://www.oddsportal.com/basketball/europe/euroleague-2017-2018/saski-baskonia-unicaja-fk0Icskk/,88,82,False,27,12,14,24,18,20,29,26.0,1.3,1.38,3.65,1.38,1.28,1.28,3.85,3.77,1.31,1.29,3.85,4.02,-7.5,1.97,1.93,1.9,1.92,1.98,2.05,156.5,1.92,1.99,1.9,1.93,1.93,1.99,2017/2018
195,2017-12-07 21:05:00,Maccabi Tel Aviv,Valencia,https://www.oddsportal.com/basketball/europe/euroleague-2017-2018/maccabi-tel-aviv-valencia-02VIeLJ1/,94,91,False,25,21,21,25,23,19,25,26.0,1.35,1.4,3.3,1.4,1.32,1.48,3.5,2.69,1.33,1.51,3.69,2.78,-6.5,1.85,2.06,1.86,1.97,1.95,2.12,155.0,1.92,1.99,1.9,1.93,1.95,2.02,2017/2018
196,2017-12-07 21:00:00,Bamberg,CSKA Moscow,https://www.oddsportal.com/basketball/europe/euroleague-2017-2018/brose-bamberg-cska-moscow-0S0EbNZr/,76,92,False,20,22,19,20,20,28,17,22.0,4.25,3.5,1.23,1.32,4.33,4.57,1.23,1.21,4.58,4.26,1.24,1.27,8.5,1.93,1.97,1.92,1.9,2.04,1.99,164.5,1.85,2.06,1.87,1.95,1.98,2.06,2017/2018
197,2017-12-07 20:00:00,Zalgiris Kaunas,Panathinaikos,https://www.oddsportal.com/basketball/europe/euroleague-2017-2018/zalgiris-kaunas-panathinaikos-vgUMfuZ7/,80,74,False,10,20,21,13,33,14,16,27.0,2.0,2.1,1.83,2.1,1.96,2.0,1.9,1.84,2.02,2.07,1.88,1.85,1.0,1.99,1.92,1.93,1.91,2.05,1.96,154.5,1.93,1.98,1.9,1.93,1.96,2.02,2017/2018
198,2017-12-01 22:00:00,Real Madrid,Crvena zvezda mts,https://www.oddsportal.com/basketball/europe/euroleague-2017-2018/real-madrid-crvena-zvezda-mts-trKs4qCL/,83,87,False,24,19,15,27,19,21,25,20.0,1.08,1.1,8.5,7.5,1.1,1.1,7.25,7.25,1.09,1.15,9.28,6.48,-13.5,1.88,2.02,1.87,1.95,1.91,2.07,164.5,2.02,1.88,1.92,1.91,2.02,1.96,2017/2018
199,2017-12-01 21:00:00,Panathinaikos,Unicaja,https://www.oddsportal.com/basketball/europe/euroleague-2017-2018/panathinaikos-unicaja-O69n33RR/,82,71,False,16,15,16,20,22,19,28,17.0,1.19,1.19,5.0,5.0,1.2,1.16,4.84,5.54,1.2,1.23,5.26,4.7,-10.5,2.06,1.85,1.97,1.86,2.06,1.95,150.5,1.93,1.97,1.91,1.91,2.03,1.97,2017/2018
200,2017-12-01 19:00:00,CSKA Moscow,Barcelona,https://www.oddsportal.com/basketball/europe/euroleague-2017-2018/cska-moscow-barcelona-2iLw5PdF/,92,78,False,24,24,20,15,22,19,26,20.0,1.19,1.22,5.0,1.22,1.2,1.26,4.84,4.03,1.22,1.26,4.85,4.3,-9.5,1.94,1.96,1.91,1.91,2.01,1.96,167.5,1.88,2.03,1.89,1.94,1.96,2.04,2017/2018
201,2017-11-30 21:30:00,Baskonia,Fenerbahce,https://www.oddsportal.com/basketball/europe/euroleague-2017-2018/saski-baskonia-fenerbahce-nPzupOKk/,69,83,False,25,15,12,26,14,25,18,17.0,2.1,2.25,1.76,2.25,2.12,2.04,1.76,1.8,2.25,2.14,1.72,1.79,2.0,2.02,1.88,1.96,1.88,2.08,1.97,156.5,1.88,2.02,1.88,1.94,1.95,2.02,2017/2018
202,2017-11-30 21:30:00,Valencia,Olympiakos,https://www.oddsportal.com/basketball/europe/euroleague-2017-2018/valencia-olympiakos-piraeus-fRHV6oS2/,64,72,False,13,20,17,15,15,19,19,18.0,1.83,1.75,2.0,1.75,1.8,1.84,2.06,2.0,1.84,1.93,2.08,1.97,-1.5,1.94,1.96,1.92,1.9,2.0,1.99,147.5,1.96,1.94,1.93,1.9,2.02,1.98,2017/2018
203,2017-11-30 21:05:00,Maccabi Tel Aviv,Zalgiris Kaunas,https://www.oddsportal.com/basketball/europe/euroleague-2017-2018/maccabi-tel-aviv-zalgiris-kaunas-YHGZ55s9/,81,74,False,15,14,24,15,26,22,16,23.0,1.57,1.52,2.55,2.67,1.62,1.55,2.36,2.49,1.63,1.5,2.44,2.8,-3.5,1.95,1.95,1.91,1.91,2.03,1.98,158.5,1.97,1.93,1.93,1.89,2.01,1.97,2017/2018
204,2017-11-30 19:30:00,Anadolu Efes,Olimpia Milano,https://www.oddsportal.com/basketball/europe/euroleague-2017-2018/anadolu-efes-milan-tnzqqrzd/,73,68,False,23,16,10,14,19,20,21,18.0,1.41,1.47,3.0,2.75,1.4,1.5,3.08,2.61,1.38,1.5,3.33,2.8,-5.5,1.85,2.06,1.87,1.95,1.95,2.06,165.0,1.93,1.98,1.9,1.94,1.97,2.0,2017/2018
205,2017-11-30 19:00:00,Khimki M.,Bamberg,https://www.oddsportal.com/basketball/europe/euroleague-2017-2018/khimki-m-brose-bamberg-hMwmr2k2/,82,73,False,23,21,19,19,20,16,20,17.0,1.44,1.35,2.85,3.3,1.48,1.4,2.75,3.04,1.49,1.38,2.84,3.33,-5.0,1.95,1.95,1.92,1.91,2.11,2.0,156.5,1.88,2.02,1.88,1.94,1.98,2.04,2017/2018
207,2017-11-24 21:00:00,Panathinaikos,Real Madrid,https://www.oddsportal.com/basketball/europe/euroleague-2017-2018/panathinaikos-real-madrid-Svf8kpcS/,82,80,False,23,28,17,26,24,15,18,11.0,1.57,1.8,2.55,1.8,1.58,1.65,2.47,2.28,1.61,1.71,2.47,2.27,-3.5,1.93,1.98,1.9,1.92,2.0,2.0,162.5,1.95,1.95,1.92,1.91,1.95,1.99,2017/2018
208,2017-11-24 19:45:00,Fenerbahce,Khimki M.,https://www.oddsportal.com/basketball/europe/euroleague-2017-2018/fenerbahce-khimki-m-8Yyyo45q/,71,67,False,24,15,14,11,20,22,13,19.0,1.22,1.22,4.5,1.22,1.2,1.22,4.84,4.44,1.19,1.23,5.35,4.7,-9.5,1.95,1.95,1.92,1.9,1.97,1.95,155.5,1.91,2.0,1.87,1.96,1.93,2.02,2017/2018
211,2017-11-23 21:45:00,Olimpia Milano,Olympiakos,https://www.oddsportal.com/basketball/europe/euroleague-2017-2018/milan-olympiakos-piraeus-ba2igSc3/,85,86,False,21,17,21,29,20,20,23,20.0,2.55,2.67,1.57,1.52,2.47,2.47,1.58,1.56,2.49,2.59,1.61,1.56,3.5,1.95,1.95,1.94,1.89,2.08,1.96,148.5,1.86,2.05,1.91,1.91,2.02,2.05,2017/2018
213,2017-11-23 20:00:00,Zalgiris Kaunas,Anadolu Efes,https://www.oddsportal.com/basketball/europe/euroleague-2017-2018/zalgiris-kaunas-anadolu-efes-fRe0i6SF/,91,83,False,22,26,25,18,19,17,25,22.0,1.5,1.66,2.7,2.3,1.54,1.64,2.56,2.26,1.56,1.68,2.62,2.32,-4.5,2.0,1.91,1.97,1.85,2.16,1.91,160.5,1.93,1.97,1.91,1.92,1.97,1.97,2017/2018
214,2017-11-17 22:00:00,Barcelona,Valencia,https://www.oddsportal.com/basketball/europe/euroleague-2017-2018/barcelona-valencia-0OQQw2G6/,89,71,False,24,18,26,14,21,24,18,15.0,1.38,1.38,3.15,1.38,1.38,1.42,3.17,3.0,1.4,1.39,3.22,3.28,-6.5,1.95,1.95,1.93,1.89,2.05,1.95,157.5,1.95,1.95,1.92,1.91,2.02,1.98,2017/2018
216,2017-11-17 21:00:00,Olympiakos,Crvena zvezda mts,https://www.oddsportal.com/basketball/europe/euroleague-2017-2018/olympiakos-piraeus-crvena-zvezda-mts-YTU90PNJ/,85,59,False,22,13,25,24,20,12,18,10.0,1.14,1.09,6.0,1.09,1.16,1.12,5.54,6.55,1.16,1.14,6.27,6.92,-11.5,1.99,1.92,1.95,1.88,2.08,1.96,148.5,1.95,1.95,1.9,1.92,2.0,2.0,2017/2018
218,2017-11-16 22:00:00,Real Madrid,Unicaja,https://www.oddsportal.com/basketball/europe/euroleague-2017-2018/real-madrid-unicaja-4dXHuOof/,89,57,False,19,12,21,15,22,11,27,19.0,1.23,1.17,4.25,1.17,1.22,1.28,4.44,3.77,1.22,1.22,4.85,4.87,-8.5,1.88,2.04,1.83,1.99,1.91,2.13,163.5,1.93,1.98,1.89,1.94,1.96,2.02,2017/2018
219,2017-11-16 20:00:00,Zalgiris Kaunas,Baskonia,https://www.oddsportal.com/basketball/europe/euroleague-2017-2018/zalgiris-kaunas-saski-baskonia-nLMMvr10/,77,97,False,15,21,17,33,25,16,20,27.0,1.68,1.76,2.25,2.1,1.66,1.83,2.28,2.01,1.74,1.88,2.22,2.03,-2.5,1.93,1.97,1.9,1.92,1.99,1.98,157.5,1.97,1.93,1.92,1.9,1.98,1.98,2017/2018
220,2017-11-16 19:30:00,Anadolu Efes,Panathinaikos,https://www.oddsportal.com/basketball/europe/euroleague-2017-2018/anadolu-efes-panathinaikos-dWT9spHs/,81,82,False,21,28,23,20,16,14,21,20.0,2.2,1.68,1.71,2.25,2.08,1.8,1.78,2.04,2.19,1.81,1.76,2.11,2.0,1.99,1.92,1.92,1.91,1.99,2.01,160.0,1.91,2.0,1.92,1.92,1.97,2.0,2017/2018
221,2017-11-16 19:00:00,Khimki M.,Maccabi Tel Aviv,https://www.oddsportal.com/basketball/europe/euroleague-2017-2018/khimki-m-maccabi-tel-aviv-Q5YDt4Wm/,69,77,False,19,28,20,14,16,20,14,15.0,1.38,1.48,3.15,1.48,1.4,1.47,3.08,2.72,1.38,1.47,3.36,2.89,-6.5,1.99,1.92,1.98,1.85,2.09,1.92,164.5,1.94,1.96,1.88,1.95,1.94,2.02,2017/2018
223,2017-11-15 21:00:00,Bamberg,Barcelona,https://www.oddsportal.com/basketball/europe/euroleague-2017-2018/brose-bamberg-barcelona-04zRx7DM/,84,81,False,12,38,25,11,25,17,22,15.0,2.3,2.38,1.66,2.38,2.21,2.06,1.7,1.78,2.29,2.23,1.7,1.74,2.5,1.99,1.92,1.94,1.88,2.02,1.92,157.5,1.86,2.05,1.86,1.97,1.91,2.06,2017/2018
224,2017-11-15 20:00:00,Crvena zvezda mts,CSKA Moscow,https://www.oddsportal.com/basketball/europe/euroleague-2017-2018/crvena-zvezda-mts-cska-moscow-WnRdXpyp/,59,85,False,10,22,17,22,7,21,25,20.0,4.2,4.0,1.25,1.26,4.03,4.44,1.26,1.22,4.29,4.76,1.26,1.23,8.0,1.96,1.94,1.94,1.9,2.05,1.94,164.5,1.96,1.94,1.89,1.92,1.96,2.0,2017/2018
225,2017-11-15 19:45:00,Fenerbahce,Olympiakos,https://www.oddsportal.com/basketball/europe/euroleague-2017-2018/fenerbahce-olympiakos-piraeus-EBG1W4jj/,83,90,True,17,18,23,12,13,27,22,1.0,1.26,1.38,4.0,1.38,1.23,1.39,4.33,3.04,1.26,1.34,4.36,3.62,-8.5,1.97,1.93,1.93,1.89,2.02,1.94,145.5,1.97,1.93,1.91,1.91,2.0,2.02,2017/2018
227,2017-11-14 21:30:00,Baskonia,Real Madrid,https://www.oddsportal.com/basketball/europe/euroleague-2017-2018/saski-baskonia-real-madrid-WOrAtkEc/,105,75,False,36,17,28,27,24,19,17,12.0,2.55,2.55,1.57,1.57,2.35,2.19,1.6,1.7,2.56,2.27,1.58,1.71,4.0,1.95,1.95,1.95,1.89,2.08,2.01,168.0,1.83,2.09,1.88,1.95,1.97,2.09,2017/2018
228,2017-11-14 21:15:00,Panathinaikos,Khimki M.,https://www.oddsportal.com/basketball/europe/euroleague-2017-2018/panathinaikos-khimki-m-4xsIvTrA/,93,65,False,26,16,20,11,26,22,21,16.0,1.41,1.52,3.0,2.67,1.39,1.45,3.12,2.78,1.42,1.47,3.11,2.92,-5.5,1.93,1.97,1.89,1.92,2.0,2.09,157.5,1.92,1.99,1.87,1.94,1.93,2.02,2017/2018
229,2017-11-14 21:05:00,Maccabi Tel Aviv,Anadolu Efes,https://www.oddsportal.com/basketball/europe/euroleague-2017-2018/maccabi-tel-aviv-anadolu-efes-MDyNwmbG/,72,92,False,19,19,16,28,26,20,11,25.0,1.38,1.57,3.15,1.57,1.42,1.39,3.0,3.04,1.39,1.41,3.29,3.19,-5.5,1.83,2.09,1.85,1.97,2.01,2.09,164.5,1.93,1.98,1.91,1.92,1.98,2.02,2017/2018
230,2017-11-10 21:45:00,Unicaja,Crvena zvezda mts,https://www.oddsportal.com/basketball/europe/euroleague-2017-2018/unicaja-crvena-zvezda-mts-WYoOIoMj/,79,65,False,22,12,23,19,18,19,16,15.0,1.37,1.38,3.2,3.15,1.38,1.38,3.17,3.12,1.35,1.37,3.5,3.37,-6.5,1.93,1.98,1.93,1.89,2.08,1.98,154.5,1.93,1.97,1.91,1.91,1.94,1.98,2017/2018
231,2017-11-10 21:00:00,Bamberg,Fenerbahce,https://www.oddsportal.com/basketball/europe/euroleague-2017-2018/brose-bamberg-fenerbahce-QZJjyfxI/,57,80,False,16,21,17,22,13,11,11,26.0,2.67,2.8,1.52,2.8,2.51,2.58,1.56,1.52,2.66,3.01,1.54,1.44,4.5,1.88,2.03,1.88,1.94,1.93,2.05,152.5,1.88,2.02,1.87,1.93,1.91,2.04,2017/2018
232,2017-11-10 21:00:00,Olympiakos,Panathinaikos,https://www.oddsportal.com/basketball/europe/euroleague-2017-2018/olympiakos-piraeus-panathinaikos-YwQ6sVbi/,62,70,False,17,16,13,19,17,14,15,21.0,1.45,1.58,2.8,1.58,1.38,1.5,3.17,2.61,1.41,1.56,3.16,2.62,-5.5,1.95,1.95,1.91,1.91,1.97,2.04,146.5,1.89,2.01,1.87,1.96,1.95,2.04,2017/2018
234,2017-11-09 22:00:00,Barcelona,Anadolu Efes,https://www.oddsportal.com/basketball/europe/euroleague-2017-2018/barcelona-anadolu-efes-dfSZvxwg/,85,89,False,15,26,20,16,22,25,28,22.0,1.22,1.3,4.5,3.65,1.21,1.26,4.7,4.03,1.21,1.26,5.08,4.28,-9.5,1.93,1.97,1.91,1.9,1.96,1.98,165.5,1.97,1.93,1.94,1.89,2.02,2.02,2017/2018
235,2017-11-09 21:45:00,Olimpia Milano,Zalgiris Kaunas,https://www.oddsportal.com/basketball/europe/euroleague-2017-2018/milan-zalgiris-kaunas-4KVswG75/,62,94,False,20,25,11,25,10,20,21,24.0,1.58,1.47,2.5,2.75,1.6,1.52,2.42,2.58,1.6,1.52,2.51,2.72,-3.5,1.92,1.99,1.88,1.94,1.97,2.01,157.5,1.93,1.97,1.88,1.95,1.95,2.0,2017/2018
238,2017-11-03 22:00:00,Barcelona,Olympiakos,https://www.oddsportal.com/basketball/europe/euroleague-2017-2018/barcelona-olympiakos-piraeus-zqQ6ov0P/,73,51,False,14,14,18,12,17,15,24,10.0,1.64,1.91,2.35,1.91,1.62,1.78,2.36,2.06,1.62,1.85,2.46,2.07,-3.5,1.93,1.98,1.93,1.88,2.04,1.98,156.5,2.02,1.88,1.94,1.87,2.02,1.96,2017/2018
239,2017-11-03 19:30:00,Anadolu Efes,Unicaja,https://www.oddsportal.com/basketball/europe/euroleague-2017-2018/anadolu-efes-unicaja-I3TVuINn/,74,79,False,19,25,16,10,24,18,15,26.0,1.5,1.44,2.7,2.85,1.54,1.5,2.56,2.61,1.5,1.43,2.8,3.05,-4.5,1.93,1.97,1.91,1.9,1.99,2.08,159.5,1.96,1.94,1.93,1.89,2.02,1.95,2017/2018
241,2017-11-02 22:00:00,Real Madrid,Khimki M.,https://www.oddsportal.com/basketball/europe/euroleague-2017-2018/real-madrid-khimki-m-nNqCPdw6/,80,86,False,23,25,16,20,20,21,21,20.0,1.26,1.19,4.0,5.0,1.24,1.25,4.22,4.03,1.26,1.22,4.39,4.93,-8.5,2.0,1.91,1.92,1.9,2.01,2.01,172.5,1.98,1.93,1.91,1.91,1.98,1.96,2017/2018
242,2017-11-02 21:05:00,Maccabi Tel Aviv,Olimpia Milano,https://www.oddsportal.com/basketball/europe/euroleague-2017-2018/maccabi-tel-aviv-milan-8xYKNz8I/,79,68,False,18,14,21,15,21,13,19,26.0,1.41,1.5,3.0,1.5,1.43,1.5,2.96,2.63,1.46,1.51,2.94,2.76,-5.5,1.93,1.97,1.88,1.94,1.93,2.05,162.5,1.84,2.08,1.85,1.97,1.91,2.09,2017/2018
243,2017-11-02 21:00:00,Baskonia,Panathinaikos,https://www.oddsportal.com/basketball/europe/euroleague-2017-2018/saski-baskonia-panathinaikos-xhCYtb8t/,85,84,False,27,24,20,21,16,22,22,17.0,2.1,2.0,1.76,1.83,2.02,1.95,1.84,1.89,2.12,2.01,1.81,1.9,1.5,2.01,1.9,1.94,1.89,2.07,1.95,153.5,1.94,1.96,1.9,1.92,1.97,2.0,2017/2018
244,2017-11-02 19:45:00,Fenerbahce,Valencia,https://www.oddsportal.com/basketball/europe/euroleague-2017-2018/fenerbahce-valencia-MuxPMfNO/,79,66,False,20,18,18,12,19,19,22,17.0,1.41,1.31,3.0,3.55,1.39,1.38,3.12,3.12,1.37,1.36,3.4,3.44,-6.5,2.0,1.91,1.96,1.87,2.04,1.95,150.5,1.91,2.0,1.91,1.91,1.99,2.0,2017/2018
245,2017-11-02 19:00:00,Crvena zvezda mts,Bamberg,https://www.oddsportal.com/basketball/europe/euroleague-2017-2018/crvena-zvezda-mts-brose-bamberg-QDrGOGhC/,69,75,False,18,30,16,13,19,16,16,16.0,1.38,1.47,3.15,1.47,1.39,1.47,3.12,2.72,1.39,1.46,3.27,2.96,-6.0,1.93,1.97,1.9,1.93,1.94,2.07,156.5,1.95,1.95,1.91,1.91,1.98,1.96,2017/2018
246,2017-10-27 22:00:00,Valencia,Unicaja,https://www.oddsportal.com/basketball/europe/euroleague-2017-2018/valencia-unicaja-Cbhwm6gK/,91,53,False,31,11,26,14,16,17,18,11.0,1.32,1.36,3.5,1.36,1.34,1.36,3.38,3.17,1.35,1.39,3.52,3.28,-6.5,1.96,1.94,1.9,1.92,1.96,2.03,151.5,2.02,1.88,1.97,1.86,2.12,1.94,2017/2018
247,2017-10-27 21:30:00,Panathinaikos,Fenerbahce,https://www.oddsportal.com/basketball/europe/euroleague-2017-2018/panathinaikos-fenerbahce-fNsrnQ8Q/,70,68,False,19,21,17,23,17,11,17,13.0,1.76,1.86,2.1,1.95,1.77,1.8,2.11,2.04,1.79,1.9,2.15,2.01,-1.5,1.86,2.05,1.87,1.95,1.97,2.05,151.0,1.95,1.95,1.91,1.92,1.97,1.99,2017/2018
248,2017-10-27 21:00:00,Bamberg,Baskonia,https://www.oddsportal.com/basketball/europe/euroleague-2017-2018/brose-bamberg-saski-baskonia-nL0iP21D/,78,72,False,17,17,18,15,25,19,18,21.0,1.62,1.66,2.4,2.3,1.63,1.69,2.35,2.19,1.62,1.82,2.45,2.11,-3.5,1.94,1.96,1.93,1.89,2.07,1.98,157.0,1.92,1.99,1.91,1.93,1.95,1.99,2017/2018
249,2017-10-27 19:45:00,Anadolu Efes,CSKA Moscow,https://www.oddsportal.com/basketball/europe/euroleague-2017-2018/anadolu-efes-cska-moscow-0OlZmnvE/,80,98,False,26,27,17,27,17,19,20,25.0,3.65,3.0,1.3,1.41,3.5,2.92,1.32,1.42,3.73,3.05,1.32,1.43,7.0,1.95,1.95,1.91,1.93,1.97,2.03,160.5,1.92,1.99,1.88,1.95,1.99,2.05,2017/2018
250,2017-10-26 22:00:00,Olimpia Milano,Barcelona,https://www.oddsportal.com/basketball/europe/euroleague-2017-2018/milan-barcelona-Iu9zTp2l/,78,74,False,17,22,22,17,15,14,24,21.0,1.71,1.83,2.2,2.0,1.8,1.66,2.06,2.23,1.76,1.85,2.19,2.07,-2.5,1.99,1.92,1.93,1.89,2.0,2.04,165.5,2.01,1.9,1.92,1.91,2.01,1.97,2017/2018
251,2017-10-26 21:15:00,Olympiakos,Khimki M.,https://www.oddsportal.com/basketball/europe/euroleague-2017-2018/olympiakos-piraeus-khimki-m-C28vS4Hf/,92,75,False,22,20,27,20,25,15,18,20.0,1.52,1.44,2.67,2.85,1.59,1.53,2.44,2.51,1.56,1.52,2.62,2.73,-3.5,1.88,2.03,1.85,1.97,1.9,2.05,151.5,1.91,2.0,1.86,1.95,1.91,2.02,2017/2018
252,2017-10-26 20:00:00,Crvena zvezda mts,Maccabi Tel Aviv,https://www.oddsportal.com/basketball/europe/euroleague-2017-2018/crvena-zvezda-mts-maccabi-tel-aviv-jg7rROW0/,87,84,False,19,24,20,25,23,12,25,23.0,1.6,1.66,2.45,2.3,1.62,1.68,2.36,2.2,1.65,1.69,2.38,2.31,-3.5,1.93,1.98,1.89,1.93,1.97,2.03,154.0,1.98,1.93,1.93,1.9,2.01,1.95,2017/2018
253,2017-10-26 20:00:00,Zalgiris Kaunas,Real Madrid,https://www.oddsportal.com/basketball/europe/euroleague-2017-2018/zalgiris-kaunas-real-madrid-8U1mQrn7/,66,87,False,16,18,15,22,19,23,16,24.0,3.15,2.4,1.38,2.4,3.0,2.53,1.42,1.54,2.93,2.65,1.47,1.55,5.5,1.85,2.06,1.9,1.92,2.0,2.06,162.0,2.0,1.91,1.89,1.93,2.0,2.01,2017/2018
254,2017-10-25 22:00:00,Unicaja,Bamberg,https://www.oddsportal.com/basketball/europe/euroleague-2017-2018/unicaja-brose-bamberg-dYjaSbgm/,76,80,False,22,24,13,15,23,15,18,26.0,1.29,1.23,3.7,4.25,1.25,1.25,4.12,4.12,1.29,1.24,4.01,4.54,-7.5,1.93,1.98,1.88,1.94,1.94,2.05,156.5,2.0,1.91,1.96,1.86,2.1,1.96,2017/2018
255,2017-10-25 21:30:00,Baskonia,Valencia,https://www.oddsportal.com/basketball/europe/euroleague-2017-2018/saski-baskonia-valencia-SI0TXKVP/,63,80,False,13,28,26,22,15,17,9,13.0,1.71,1.56,2.2,1.56,1.72,1.68,2.19,2.2,1.69,1.66,2.31,2.37,-2.5,1.9,2.01,1.88,1.94,1.91,2.01,157.5,1.93,1.98,1.91,1.9,2.02,1.98,2017/2018
256,2017-10-25 20:45:00,Fenerbahce,Anadolu Efes,https://www.oddsportal.com/basketball/europe/euroleague-2017-2018/fenerbahce-anadolu-efes-vct4RI8g/,81,70,False,15,20,19,14,28,18,19,18.0,1.26,1.38,4.0,1.38,1.26,1.28,4.03,3.77,1.24,1.29,4.61,4.01,-9.0,1.94,1.96,1.92,1.93,2.02,2.06,157.0,1.96,1.94,1.92,1.91,1.96,1.97,2017/2018
257,2017-10-25 20:00:00,CSKA Moscow,Panathinaikos,https://www.oddsportal.com/basketball/europe/euroleague-2017-2018/cska-moscow-panathinaikos-pbmeTvvs/,81,63,False,27,15,16,18,17,18,21,12.0,1.26,1.25,4.0,1.25,1.29,1.23,3.77,4.33,1.27,1.23,4.22,4.66,-8.0,1.93,1.98,1.91,1.93,2.02,1.99,159.5,1.88,2.03,1.87,1.96,1.92,2.03,2017/2018
258,2017-10-24 22:00:00,Barcelona,Zalgiris Kaunas,https://www.oddsportal.com/basketball/europe/euroleague-2017-2018/barcelona-zalgiris-kaunas-vcKYBw96/,75,81,False,21,24,18,21,15,17,21,19.0,1.19,1.19,5.0,5.0,1.23,1.24,4.33,4.22,1.22,1.21,4.93,5.0,-9.5,1.97,1.93,1.91,1.91,2.01,2.04,162.5,1.97,1.93,1.93,1.89,2.02,1.96,2017/2018
259,2017-10-24 22:00:00,Real Madrid,Olimpia Milano,https://www.oddsportal.com/basketball/europe/euroleague-2017-2018/real-madrid-milan-CAItAHwJ/,100,90,False,30,28,24,26,27,20,19,16.0,1.18,1.14,5.25,1.14,1.19,1.22,5.0,4.44,1.18,1.21,5.76,5.1,-10.0,1.95,1.95,1.92,1.91,1.96,2.03,166.5,1.95,1.95,1.91,1.9,1.98,2.0,2017/2018
260,2017-10-24 21:05:00,Maccabi Tel Aviv,Olympiakos,https://www.oddsportal.com/basketball/europe/euroleague-2017-2018/maccabi-tel-aviv-olympiakos-piraeus-lS1PY0GJ/,68,69,False,18,18,15,17,12,16,23,18.0,1.66,1.83,2.3,2.0,1.7,1.86,2.21,1.98,1.7,1.88,2.29,2.02,-2.5,1.9,2.01,1.89,1.92,1.99,2.01,152.5,1.95,1.95,1.9,1.91,1.96,2.0,2017/2018
261,2017-10-24 20:00:00,Khimki M.,Crvena zvezda mts,https://www.oddsportal.com/basketball/europe/euroleague-2017-2018/khimki-m-crvena-zvezda-mts-YJJxBcOC/,85,78,False,20,28,23,16,21,11,21,23.0,1.18,1.19,5.25,1.19,1.17,1.15,5.34,5.54,1.18,1.22,5.55,4.87,-10.5,1.94,1.96,1.92,1.89,2.07,1.98,158.5,1.95,1.95,1.9,1.91,1.96,1.96,2017/2018
262,2017-10-20 22:00:00,Valencia,Anadolu Efes,https://www.oddsportal.com/basketball/europe/euroleague-2017-2018/valencia-anadolu-efes-QVynLsnK/,78,71,False,19,13,19,25,28,10,12,23.0,1.3,1.47,3.65,2.75,1.25,1.32,4.12,3.5,1.29,1.37,4.02,3.38,-7.5,1.93,1.98,1.89,1.93,2.0,2.02,152.5,1.91,2.0,1.88,1.92,1.96,2.0,2017/2018
263,2017-10-20 21:00:00,Olympiakos,Unicaja,https://www.oddsportal.com/basketball/europe/euroleague-2017-2018/olympiakos-piraeus-unicaja-CSXsMNWD/,80,75,False,21,11,16,22,22,14,21,28.0,1.32,1.29,3.5,1.29,1.37,1.36,3.17,3.22,1.37,1.32,3.39,3.71,-6.5,1.99,1.92,1.93,1.9,2.01,1.95,143.5,2.01,1.9,1.94,1.88,2.01,1.91,2017/2018
264,2017-10-20 20:00:00,Crvena zvezda mts,Barcelona,https://www.oddsportal.com/basketball/europe/euroleague-2017-2018/crvena-zvezda-mts-barcelona-2cjia0P0/,90,82,False,24,13,20,19,18,25,28,25.0,4.2,3.3,1.25,1.35,4.03,3.22,1.26,1.36,4.02,3.52,1.29,1.35,8.0,1.86,2.06,1.87,1.97,1.95,2.06,156.5,1.93,1.97,1.86,1.96,1.93,2.02,2017/2018
265,2017-10-20 20:00:00,Khimki M.,Zalgiris Kaunas,https://www.oddsportal.com/basketball/europe/euroleague-2017-2018/khimki-m-zalgiris-kaunas-bPq0cvfD/,85,77,False,21,15,25,21,17,17,22,24.0,1.2,1.23,4.75,4.25,1.18,1.23,5.16,4.33,1.19,1.22,5.45,4.87,-9.5,1.88,2.03,1.86,1.95,1.91,2.05,155.5,1.97,1.93,1.91,1.91,1.98,1.98,2017/2018
266,2017-10-19 22:00:00,Real Madrid,CSKA Moscow,https://www.oddsportal.com/basketball/europe/euroleague-2017-2018/real-madrid-cska-moscow-I9lu22ur/,82,69,False,20,15,25,18,11,20,26,16.0,1.66,1.91,2.3,1.91,1.72,1.74,2.19,2.12,1.71,1.72,2.28,2.26,-2.5,1.92,1.99,1.88,1.94,1.92,2.11,172.5,1.92,1.99,1.9,1.92,1.97,2.0,2017/2018
267,2017-10-19 21:45:00,Olimpia Milano,Fenerbahce,https://www.oddsportal.com/basketball/europe/euroleague-2017-2018/milan-fenerbahce-Uqhq1Mfl/,86,92,True,21,23,17,14,16,27,26,1.0,2.75,2.4,1.47,2.4,2.63,2.42,1.51,1.58,2.69,2.45,1.53,1.62,4.5,1.93,1.97,1.9,1.91,2.0,1.99,151.5,1.98,1.93,1.91,1.9,1.98,1.96,2017/2018
268,2017-10-19 21:15:00,Panathinaikos,Bamberg,https://www.oddsportal.com/basketball/europe/euroleague-2017-2018/panathinaikos-brose-bamberg-O6im0tAf/,93,83,False,22,15,21,20,26,21,24,27.0,1.23,1.19,4.25,5.0,1.21,1.22,4.7,4.44,1.22,1.2,4.9,5.3,-8.5,1.83,2.1,1.87,1.95,1.96,2.1,151.5,1.99,1.92,1.92,1.89,2.0,1.92,2017/2018
269,2017-10-19 21:05:00,Maccabi Tel Aviv,Baskonia,https://www.oddsportal.com/basketball/europe/euroleague-2017-2018/maccabi-tel-aviv-saski-baskonia-KYpdbKv7/,74,68,False,19,16,20,14,17,23,18,15.0,1.31,1.57,3.6,2.55,1.35,1.49,3.32,2.66,1.33,1.5,3.64,2.81,-6.5,1.88,2.04,1.85,1.96,1.95,2.07,164.5,2.0,1.91,1.92,1.89,2.0,1.95,2017/2018
270,2017-10-13 22:00:00,Barcelona,Panathinaikos,https://www.oddsportal.com/basketball/europe/euroleague-2017-2018/barcelona-panathinaikos-4284842E/,98,71,False,24,20,16,15,25,19,33,17.0,1.52,1.41,2.67,3.0,1.54,1.44,2.56,2.85,1.56,1.44,2.62,3.03,-4.0,1.97,1.93,1.93,1.9,2.01,1.98,150.5,1.93,1.98,1.91,1.9,1.97,1.98,2017/2018
271,2017-10-13 20:00:00,Khimki M.,Valencia,https://www.oddsportal.com/basketball/europe/euroleague-2017-2018/khimki-m-valencia-YyD87OHK/,75,70,False,18,17,25,19,16,21,16,13.0,1.38,1.57,3.15,2.55,1.36,1.48,3.27,2.72,1.36,1.56,3.44,2.61,-5.5,1.84,2.08,1.85,1.95,1.95,2.08,156.5,1.97,1.93,1.93,1.89,2.02,1.98,2017/2018
272,2017-10-13 20:00:00,Zalgiris Kaunas,Crvena zvezda mts,https://www.oddsportal.com/basketball/europe/euroleague-2017-2018/zalgiris-kaunas-crvena-zvezda-mts-CSBC6rXQ/,78,76,False,15,13,28,27,10,17,25,19.0,1.35,1.23,3.3,3.15,1.4,1.34,3.08,3.38,1.38,1.33,3.33,3.68,-6.5,2.04,1.88,1.99,1.83,2.07,1.9,151.0,1.96,1.94,1.92,1.9,1.97,1.95,2017/2018
273,2017-10-12 22:00:00,Unicaja,Fenerbahce,https://www.oddsportal.com/basketball/europe/euroleague-2017-2018/unicaja-fenerbahce-O6VHp1A7/,68,67,False,20,20,16,21,14,16,18,10.0,2.55,2.45,1.57,1.6,2.42,2.36,1.6,1.62,2.52,2.44,1.59,1.63,3.5,2.01,1.9,1.95,1.87,2.15,1.95,149.5,1.95,1.95,1.89,1.92,1.95,1.98,2017/2018
274,2017-10-12 21:00:00,Bamberg,Maccabi Tel Aviv,https://www.oddsportal.com/basketball/europe/euroleague-2017-2018/brose-bamberg-maccabi-tel-aviv-dvC8lqBr/,71,88,False,20,14,16,23,23,18,12,33.0,1.83,1.53,2.0,2.3,1.91,1.88,1.95,1.98,1.91,1.77,2.0,2.18,-1.0,1.96,1.94,1.95,1.89,2.1,1.96,160.5,1.93,1.97,1.9,1.92,1.93,1.97,2017/2018
275,2017-10-12 21:00:00,Olympiakos,Baskonia,https://www.oddsportal.com/basketball/europe/euroleague-2017-2018/olympiakos-piraeus-saski-baskonia-QB909pm8/,75,64,False,16,12,25,21,19,16,15,15.0,1.32,1.38,3.5,3.15,1.25,1.36,4.12,3.27,1.3,1.4,3.89,3.2,-7.0,1.93,1.98,1.9,1.94,1.93,1.98,154.5,1.96,1.94,1.9,1.92,2.03,1.99,2017/2018
276,2017-10-12 20:00:00,Anadolu Efes,Real Madrid,https://www.oddsportal.com/basketball/europe/euroleague-2017-2018/anadolu-efes-real-madrid-A3RDose1/,74,88,False,19,28,17,17,20,17,18,26.0,3.0,2.05,1.41,1.6,2.96,2.88,1.43,1.44,3.01,2.59,1.44,1.56,5.5,1.91,2.0,1.92,1.9,2.0,2.0,166.5,1.79,2.14,1.84,1.98,1.9,2.14,2017/2018
